PLAYER,POS,YEARS,IMG
Brad Miller,C,2000 2001 2002 2003 2004 2005 2006 2007 2008 2009 2010 2011 2012,http://a.espncdn.com/combiner/i?img=/i/headshots/nba/players/full/556.png&w=350&h=254
Rasho Nesterovic,C,2000 2001 2002 2003 2004 2005 2006 2007 2008 2009 2010,http://a.espncdn.com/i/headshots/nba/players/65/598.jpg
Marcus Camby,C,2000 2001 2002 2003 2004 2005 2006 2007 2008 2009 2010 2011 2012 2013,http://a.espncdn.com/combiner/i?img=/i/headshots/nba/players/full/125.png&w=350&h=254
Brendan Haywood,C,2002 2003 2004 2005 2006 2007 2008 2009 2010 2011 2012 2013,http://a.espncdn.com/combiner/i?img=/i/headshots/nba/players/full/1000.png&w=350&h=254
Erick Dampier,C,2000 2001 2002 2003 2004 2005 2006 2007 2008 2009 2010 2011 2012,http://a.espncdn.com/combiner/i?img=/i/headshots/nba/players/full/181.png&w=350&h=254
Zydrunas Ilgauskas,C,2001 2002 2003 2004 2005 2006 2007 2008 2009 2010 2011,http://a.espncdn.com/combiner/i?img=/i/headshots/nba/players/full/362.png&w=350&h=254
Shaquille O'Neal,C,2000 2001 2002 2003 2004 2005 2006 2007 2008 2009 2010 2011,http://a.espncdn.com/combiner/i?img=/i/headshots/nba/players/full/614.png&w=350&h=254
Tony Battie,C,2000 2001 2002 2003 2004 2005 2006 2007 2009 2010 2011 2012,http://a.espncdn.com/combiner/i?img=/i/headshots/nba/players/full/45.png&w=350&h=254
Jamaal Magloire,C,2001 2002 2003 2004 2005 2006 2007 2008 2009 2010 2011 2012,http://a.espncdn.com/combiner/i?img=/i/headshots/nba/players/full/498.png&w=350&h=254
Adonal Foyle,C,2000 2001 2002 2003 2004 2005 2006 2007 2008 2009,http://a.espncdn.com/i/headshots/nba/players/65/254.jpg
Mehmet Okur,C,2003 2004 2005 2006 2007 2008 2009 2010 2011 2012,http://a.espncdn.com/combiner/i?img=/i/headshots/nba/players/full/1014.png&w=350&h=254
Kwame Brown,C,2002 2003 2004 2005 2006 2007 2008 2009 2010 2011 2012 2013,http://a.espncdn.com/combiner/i?img=/i/headshots/nba/players/full/981.png&w=350&h=254
Mark Blount,C,2001 2002 2003 2004 2005 2006 2007 2008 2009,http://a.espncdn.com/i/headshots/nba/players/65/70.jpg
DeSagana Diop,C,2002 2003 2004 2005 2006 2007 2008 2009 2010 2011 2012 2013,http://a.espncdn.com/combiner/i?img=/i/headshots/nba/players/full/992.png&w=350&h=254
Dikembe Mutombo,C,2000 2001 2002 2003 2004 2005 2006 2007 2008 2009,http://a.espncdn.com/i/headshots/nba/players/65/588.jpg
Joel Przybilla,C,2001 2002 2003 2004 2005 2006 2007 2008 2009 2010 2011 2012 2013,http://a.espncdn.com/combiner/i?img=/i/headshots/nba/players/full/682.png&w=350&h=254
Emeka Okafor,C,2005 2006 2007 2008 2009 2010 2011 2012 2013,http://a.espncdn.com/combiner/i?img=/i/headshots/nba/players/full/2399.png&w=350&h=254
Mikki Moore,C,2000 2001 2002 2003 2004 2005 2006 2007 2008 2009 2010 2012,http://a.espncdn.com/i/headshots/nba/players/65/575.jpg
Aaron Williams,C,2000 2001 2002 2003 2004 2005 2006 2007 2008,http://a.espncdn.com/i/headshots/nba/players/65/923.jpg
Raef LaFrentz,C,2000 2001 2002 2003 2004 2005 2006 2007 2008,http://a.espncdn.com/i/headshots/nba/players/65/454.jpg
Jarron Collins,C,2002 2003 2004 2005 2006 2007 2008 2009 2010 2011,http://a.espncdn.com/combiner/i?img=/i/headshots/nba/players/full/988.png&w=350&h=254
Michael Doleac,C,2000 2001 2002 2003 2004 2005 2006 2007 2008,http://a.espncdn.com/i/headshots/nba/players/65/207.jpg
Eddy Curry,C,2002 2003 2004 2005 2006 2007 2008 2009 2010 2012 2013,http://a.espncdn.com/combiner/i?img=/i/headshots/nba/players/full/990.png&w=350&h=254
Theo Ratliff,C,2000 2001 2002 2003 2004 2005 2006 2007 2008 2009 2010 2011,http://a.espncdn.com/combiner/i?img=/i/headshots/nba/players/full/687.png&w=350&h=254
Dan Gadzuric,C,2003 2004 2005 2006 2007 2008 2009 2010 2011 2012,http://a.espncdn.com/combiner/i?img=/i/headshots/nba/players/full/1710.png&w=350&h=254
Greg Ostertag,C,2000 2001 2002 2003 2004 2005 2006,http://a.espncdn.com/i/headshots/nba/players/65/622.jpg
Chris Webber,C,2000 2001 2002 2003 2004 2005 2006 2007 2008,http://a.espncdn.com/i/headshots/nba/players/65/897.jpg
Yao Ming,C,2003 2004 2005 2006 2007 2008 2009 2011,http://a.espncdn.com/combiner/i?img=/i/headshots/nba/players/full/1722.png&w=350&h=254
Jason Kidd,PG,2000 2001 2002 2003 2004 2005 2006 2007 2008 2009 2010 2011 2012 2013,http://a.espncdn.com/combiner/i?img=/i/headshots/nba/players/full/429.png&w=350&h=254
Mike Bibby,PG,2000 2001 2002 2003 2004 2005 2006 2007 2008 2009 2010 2011 2012,http://a.espncdn.com/combiner/i?img=/i/headshots/nba/players/full/61.png&w=350&h=254
Baron Davis,PG,2000 2001 2002 2003 2004 2005 2006 2007 2008 2009 2010 2011 2012,http://a.espncdn.com/combiner/i?img=/i/headshots/nba/players/full/194.png&w=350&h=254
Antonio Daniels,PG,2000 2001 2002 2003 2004 2005 2006 2007 2008 2009 2011,http://a.espncdn.com/i/headshots/nba/players/65/183.jpg
Jason Williams,PG,2000 2001 2002 2003 2004 2005 2006 2007 2008 2010 2011,http://a.espncdn.com/combiner/i?img=/i/headshots/nba/players/full/933.png&w=350&h=254
Keyon Dooling,PG,2001 2002 2003 2004 2005 2006 2007 2008 2009 2010 2011 2012 2013,http://a.espncdn.com/combiner/i?img=/i/headshots/nba/players/full/209.png&w=350&h=254
Jacque Vaughn,PG,2000 2001 2002 2003 2004 2005 2006 2007 2008 2009,http://a.espncdn.com/i/headshots/nba/players/65/874.jpg
Chucky Atkins,PG,2000 2001 2002 2003 2004 2005 2006 2007 2008 2009 2010,http://a.espncdn.com/combiner/i?img=/i/headshots/nba/players/full/26.png&w=350&h=254
Rafer Alston,PG,2000 2001 2002 2003 2004 2005 2006 2007 2008 2009 2010,http://a.espncdn.com/i/headshots/nba/players/65/11.jpg
Anthony Johnson,PG,2000 2001 2002 2003 2004 2005 2006 2007 2008 2009 2010,http://a.espncdn.com/combiner/i?img=/i/headshots/nba/players/full/396.png&w=350&h=254
Darrell Armstrong,PG,2000 2001 2002 2003 2004 2005 2006 2007 2008,http://a.espncdn.com/i/headshots/nba/players/65/24.jpg
Stephon Marbury,PG,2000 2001 2002 2003 2004 2005 2006 2007 2008 2009,http://a.espncdn.com/i/headshots/nba/players/65/509.jpg
Sam Cassell,PG,2000 2001 2002 2003 2004 2005 2006 2007 2008,http://a.espncdn.com/i/headshots/nba/players/65/138.jpg
Bobby Jackson,PG,2000 2001 2002 2003 2004 2005 2006 2007 2008 2009,http://a.espncdn.com/i/headshots/nba/players/65/376.jpg
Damon Jones,PG,2000 2001 2002 2003 2004 2005 2006 2007 2008 2009,http://a.espncdn.com/i/headshots/nba/players/65/406.jpg
Gary Payton,PG,2000 2001 2002 2003 2004 2005 2006 2007,http://a.espncdn.com/i/headshots/nba/players/65/640.jpg
Earl Boykins,PG,2000 2001 2002 2003 2004 2005 2006 2007 2008 2010 2011 2012,http://a.espncdn.com/combiner/i?img=/i/headshots/nba/players/full/87.png&w=350&h=254
Eric Snow,PG,2000 2001 2002 2003 2004 2005 2006 2007 2008,http://a.espncdn.com/i/headshots/nba/players/65/796.jpg
Anthony Carter,PG,2000 2001 2002 2003 2004 2005 2006 2007 2008 2009 2010 2011 2012,http://a.espncdn.com/combiner/i?img=/i/headshots/nba/players/full/137.png&w=350&h=254
Kevin Ollie,PG,2000 2001 2002 2003 2004 2005 2006 2007 2008 2009 2010,http://a.espncdn.com/i/headshots/nba/players/65/620.jpg
Richard Hamilton,SG,2000 2001 2002 2003 2004 2005 2006 2007 2008 2009 2010 2011 2012 2013,http://a.espncdn.com/combiner/i?img=/i/headshots/nba/players/full/294.png&w=350&h=254
Jason Richardson,SG,2002 2003 2004 2005 2006 2007 2008 2009 2010 2011 2012 2013,http://a.espncdn.com/combiner/i?img=/i/headshots/nba/players/full/1018.png&w=350&h=254
Tracy McGrady,SG,2000 2001 2002 2003 2004 2005 2006 2007 2008 2009 2010 2011 2012,http://a.espncdn.com/combiner/i?img=/i/headshots/nba/players/full/532.png&w=350&h=254
DeShawn Stevenson,SG,2001 2002 2003 2004 2005 2006 2007 2008 2009 2010 2011 2012 2013,http://a.espncdn.com/combiner/i?img=/i/headshots/nba/players/full/808.png&w=350&h=254
Michael Finley,SG,2000 2001 2002 2003 2004 2005 2006 2007 2008 2009 2010,http://a.espncdn.com/i/headshots/nba/players/65/242.jpg
Eddie House,SG,2001 2002 2003 2004 2005 2006 2007 2008 2009 2010 2011,http://a.espncdn.com/combiner/i?img=/i/headshots/nba/players/full/348.png&w=350&h=254
Morris Peterson,SG,2001 2002 2003 2004 2005 2006 2007 2008 2009 2010 2011,http://a.espncdn.com/combiner/i?img=/i/headshots/nba/players/full/656.png&w=350&h=254
Allen Iverson,SG,2000 2001 2002 2003 2004 2005 2006 2007 2008 2009 2010,http://a.espncdn.com/i/headshots/nba/players/65/366.jpg
Raja Bell,SG,2001 2002 2003 2004 2005 2006 2007 2008 2009 2010 2011 2012,http://a.espncdn.com/combiner/i?img=/i/headshots/nba/players/full/49.png&w=350&h=254
Cuttino Mobley,SG,2000 2001 2002 2003 2004 2005 2006 2007 2008 2009,http://a.espncdn.com/i/headshots/nba/players/65/566.jpg
Ricky Davis,SG,2000 2001 2002 2003 2004 2005 2006 2007 2008 2009 2010,http://a.espncdn.com/i/headshots/nba/players/65/193.jpg
Brent Barry,SG,2000 2001 2002 2003 2004 2005 2006 2007 2008 2009,http://a.espncdn.com/i/headshots/nba/players/65/42.jpg
Larry Hughes,SG,2000 2001 2002 2003 2004 2005 2006 2007 2008 2009 2010 2012,http://a.espncdn.com/combiner/i?img=/i/headshots/nba/players/full/356.png&w=350&h=254
Wally Szczerbiak,SG,2000 2001 2002 2003 2004 2005 2006 2007 2008 2009,http://a.espncdn.com/i/headshots/nba/players/65/831.jpg
Michael Redd,SG,2001 2002 2003 2004 2005 2006 2007 2008 2009 2010 2011 2012,http://a.espncdn.com/combiner/i?img=/i/headshots/nba/players/full/692.png&w=350&h=254
Eddie Jones,SG,2000 2001 2002 2003 2004 2005 2006 2007 2008,http://a.espncdn.com/i/headshots/nba/players/65/402.jpg
Dahntay Jones,SG,2004 2005 2006 2007 2008 2009 2010 2011 2012 2013,http://a.espncdn.com/combiner/i?img=/i/headshots/nba/players/full/2008.png&w=350&h=254
Bonzi Wells,SG,2000 2001 2002 2003 2004 2005 2006 2007 2008,http://a.espncdn.com/i/headshots/nba/players/65/901.jpg
Greg Buckner,SG,2000 2001 2002 2003 2004 2005 2006 2007 2008 2009,http://a.espncdn.com/i/headshots/nba/players/65/111.jpg
Sasha Pavlovic,SG,2004 2005 2006 2007 2008 2009 2010 2011 2012 2013,http://a.espncdn.com/combiner/i?img=/i/headshots/nba/players/full/2172.png&w=350&h=254
James Posey,SF,2000 2001 2002 2003 2004 2005 2006 2007 2008 2009 2010 2011,http://a.espncdn.com/combiner/i?img=/i/headshots/nba/players/full/671.png&w=350&h=254
Corey Maggette,SF,2000 2001 2002 2003 2004 2005 2006 2007 2008 2009 2010 2011 2012 2013,http://a.espncdn.com/combiner/i?img=/i/headshots/nba/players/full/497.png&w=350&h=254
Quentin Richardson,SF,2001 2002 2003 2004 2005 2006 2007 2008 2009 2010 2011 2012 2013,http://a.espncdn.com/combiner/i?img=/i/headshots/nba/players/full/703.png&w=350&h=254
Bruce Bowen,SF,2000 2001 2002 2003 2004 2005 2006 2007 2008 2009,http://a.espncdn.com/i/headshots/nba/players/65/83.jpg
Peja Stojakovic,SF,2000 2001 2002 2003 2004 2005 2006 2007 2008 2009 2010 2011,http://a.espncdn.com/combiner/i?img=/i/headshots/nba/players/full/813.png&w=350&h=254
Vladimir Radmanovic,SF,2002 2003 2004 2005 2006 2007 2008 2009 2010 2011 2012 2013,http://a.espncdn.com/combiner/i?img=/i/headshots/nba/players/full/1016.png&w=350&h=254
Jerry Stackhouse,SF,2000 2001 2002 2003 2004 2005 2006 2007 2008 2009 2010 2011 2012 2013,http://a.espncdn.com/combiner/i?img=/i/headshots/nba/players/full/802.png&w=350&h=254
Grant Hill,SF,2000 2001 2002 2003 2005 2006 2007 2008 2009 2010 2011 2012 2013,http://a.espncdn.com/combiner/i?img=/i/headshots/nba/players/full/336.png&w=350&h=254
Trenton Hassell,SF,2002 2003 2004 2005 2006 2007 2008 2009 2010,http://a.espncdn.com/combiner/i?img=/i/headshots/nba/players/full/998.png&w=350&h=254
Desmond Mason,SF,2001 2002 2003 2004 2005 2006 2007 2008 2009 2010,http://a.espncdn.com/i/headshots/nba/players/65/518.jpg
Devean George,SF,2000 2001 2002 2003 2004 2005 2006 2007 2008 2009 2010,http://a.espncdn.com/i/headshots/nba/players/65/267.jpg
Matt Harpring,SF,2000 2001 2002 2003 2004 2005 2006 2007 2008 2009,http://a.espncdn.com/i/headshots/nba/players/65/306.jpg
Luke Walton,SF,2004 2005 2006 2007 2008 2009 2010 2011 2012 2013,http://a.espncdn.com/combiner/i?img=/i/headshots/nba/players/full/2027.png&w=350&h=254
Mickael Pietrus,SF,2004 2005 2006 2007 2008 2009 2010 2011 2012 2013,http://a.espncdn.com/combiner/i?img=/i/headshots/nba/players/full/2173.png&w=350&h=254
Shandon Anderson,SF,2000 2001 2002 2003 2004 2005 2006,http://a.espncdn.com/i/headshots/nba/players/65/17.jpg
Andres Nocioni,SF,2005 2006 2007 2008 2009 2010 2011 2012,http://a.espncdn.com/combiner/i?img=/i/headshots/nba/players/full/2456.png&w=350&h=254
Josh Howard,SF,2004 2005 2006 2007 2008 2009 2010 2011 2012 2013,http://a.espncdn.com/combiner/i?img=/i/headshots/nba/players/full/2006.png&w=350&h=254
Ryan Bowen,SF,2000 2001 2002 2003 2004 2005 2006 2008 2009 2010,http://a.espncdn.com/i/headshots/nba/players/65/84.jpg
Jumaine Jones,SF,2000 2001 2002 2003 2004 2005 2006 2007,http://a.espncdn.com/i/headshots/nba/players/65/407.jpg
Bobby Simmons,SF,2002 2003 2004 2005 2006 2008 2009 2010 2011 2012,http://a.espncdn.com/combiner/i?img=/i/headshots/nba/players/full/1022.png&w=350&h=254
Kurt Thomas,PF,2000 2001 2002 2003 2004 2005 2006 2007 2008 2009 2010 2011 2012 2013,http://a.espncdn.com/combiner/i?img=/i/headshots/nba/players/full/846.png&w=350&h=254
Lamar Odom,PF,2000 2001 2002 2003 2004 2005 2006 2007 2008 2009 2010 2011 2012 2013,http://a.espncdn.com/combiner/i?img=/i/headshots/nba/players/full/617.png&w=350&h=254
Ben Wallace,PF,2000 2001 2002 2003 2004 2005 2006 2007 2008 2009 2010 2011 2012,http://a.espncdn.com/combiner/i?img=/i/headshots/nba/players/full/885.png&w=350&h=254
Juwan Howard,PF,2000 2001 2002 2003 2004 2005 2006 2007 2008 2009 2010 2011 2012 2013,http://a.espncdn.com/combiner/i?img=/i/headshots/nba/players/full/351.png&w=350&h=254
Rasheed Wallace,PF,2000 2001 2002 2003 2004 2005 2006 2007 2008 2009 2010 2013,http://a.espncdn.com/combiner/i?img=/i/headshots/nba/players/full/883.png&w=350&h=254
Jeff Foster,PF,2000 2001 2002 2003 2004 2005 2006 2007 2008 2009 2010 2011 2012,http://a.espncdn.com/combiner/i?img=/i/headshots/nba/players/full/250.png&w=350&h=254
Joe Smith,PF,2000 2001 2002 2003 2004 2005 2006 2007 2008 2009 2010 2011,http://a.espncdn.com/combiner/i?img=/i/headshots/nba/players/full/788.png&w=350&h=254
Antonio McDyess,PF,2000 2001 2002 2004 2005 2006 2007 2008 2009 2010 2011,http://a.espncdn.com/combiner/i?img=/i/headshots/nba/players/full/530.png&w=350&h=254
Troy Murphy,PF,2002 2003 2004 2005 2006 2007 2008 2009 2010 2011 2012 2013,http://a.espncdn.com/combiner/i?img=/i/headshots/nba/players/full/1013.png&w=350&h=254
Tim Thomas,PF,2000 2001 2002 2003 2004 2005 2006 2007 2008 2009 2010,http://a.espncdn.com/i/headshots/nba/players/65/847.jpg
Antoine Walker,PF,2000 2001 2002 2003 2004 2005 2006 2007 2008,http://a.espncdn.com/i/headshots/nba/players/65/881.jpg
Malik Rose,PF,2000 2001 2002 2003 2004 2005 2006 2007 2008 2009,http://a.espncdn.com/i/headshots/nba/players/65/739.jpg
Robert Horry,PF,2000 2001 2002 2003 2004 2005 2006 2007 2008,http://a.espncdn.com/i/headshots/nba/players/65/347.jpg
P.J. Brown,PF,2000 2001 2002 2003 2004 2005 2006 2007 2008,http://a.espncdn.com/i/headshots/nba/players/65/99.jpg
Donyell Marshall,PF,2000 2001 2002 2003 2004 2005 2006 2007 2008 2009,http://a.espncdn.com/i/headshots/nba/players/65/512.jpg
Kenny Thomas,PF,2000 2001 2002 2003 2004 2005 2006 2007 2008 2009 2010,http://a.espncdn.com/i/headshots/nba/players/65/849.jpg
Jared Jeffries,PF,2003 2004 2005 2006 2007 2008 2009 2010 2011 2012 2013,http://a.espncdn.com/combiner/i?img=/i/headshots/nba/players/full/1717.png&w=350&h=254
Chris Wilcox,PF,2003 2004 2005 2006 2007 2008 2009 2010 2011 2012 2013,http://a.espncdn.com/combiner/i?img=/i/headshots/nba/players/full/1731.png&w=350&h=254
Ruben Patterson,PF,2000 2001 2002 2003 2004 2005 2006 2007 2008,http://a.espncdn.com/i/headshots/nba/players/65/638.jpg
Eduardo Najera,PF,2001 2002 2003 2004 2005 2006 2007 2008 2009 2010 2011 2012,http://a.espncdn.com/combiner/i?img=/i/headshots/nba/players/full/591.png&w=350&h=254
