Job ID,address,lat,lng
157696,"Pace University, 156 William Street, New York, NY 10038, USA",40.7099691,-74.0059424
167936,"42-09 28th Street, Long Island City, NY 11101, USA",40.749463,-73.9390123
112645,"75-20 Astoria Boulevard, East Elmhurst, NY 11370, USA",40.7649934,-73.8925247
157703,"2 Lafayette Street, New York, NY 10007, USA",40.7141052,-74.00386680000001
157707,"2 Lafayette Street, New York, NY 10007, USA",40.7141052,-74.00386680000001
149517,"Hylan Plaza, 105 Mill Road, Staten Island, NY 10306, USA",40.5672821,-74.1095094
144916,"42-09 28th Street, Long Island City, NY 11101, USA",40.749463,-73.9390123
161807,"165 Cadman Plaza East, Brooklyn, NY 11201, USA",40.699006,-73.9892801
161808,"Pace University, 156 William Street, New York, NY 10038, USA",40.7099691,-74.0059424
131277,"175 Eldridge Street, New York, NY 10002, USA",40.7203029,-73.991134
170003,"Hylan Plaza, 105 Mill Road, Staten Island, NY 10306, USA",40.5672821,-74.1095094
145428,"42-09 28th Street, Long Island City, NY 11101, USA",40.749463,-73.9390123
149525,"150 William Street, New York, NY 10038, USA",40.7097597,-74.0060767
172054,"75-20 Astoria Boulevard, East Elmhurst, NY 11370, USA",40.7649934,-73.8925247
151577,"2 Lafayette Street, New York, NY 10007, USA",40.7141052,-74.00386680000001
169647,"MetroTech Roadway, Brooklyn, NY 11201, USA",40.6931152,-73.9862103
149532,"Hylan Plaza, 105 Mill Road, Staten Island, NY 10306, USA",40.5672821,-74.1095094
170014,"100 Gold Street, New York, NY 10038, USA",40.7102734,-74.0036216
151584,"Hylan Plaza, 105 Mill Road, Staten Island, NY 10306, USA",40.5672821,-74.1095094
114352,"Hylan Plaza, 105 Mill Road, Staten Island, NY 10306, USA",40.5672821,-74.1095094
172066,"75 Park Place, New York, NY 10007, USA",40.7144626,-74.0109797
172379,"335 Adams Street, Brooklyn, NY 11201, USA",40.6934634,-73.9882453
149542,"Hylan Plaza, 105 Mill Road, Staten Island, NY 10306, USA",40.5672821,-74.1095094
129063,"Hylan Plaza, 105 Mill Road, Staten Island, NY 10306, USA",40.5672821,-74.1095094
151748,"110 William Street, New York, NY 10038, USA",40.7088758,-74.0066886
139271,"175 Eldridge Street, New York, NY 10002, USA",40.7203029,-73.991134
172076,"175 Eldridge Street, New York, NY 10002, USA",40.7203029,-73.991134
149549,"75 Park Place, New York, NY 10007, USA",40.7144626,-74.0109797
172079,"Hylan Plaza, 105 Mill Road, Staten Island, NY 10306, USA",40.5672821,-74.1095094
159794,"175 Eldridge Street, New York, NY 10002, USA",40.7203029,-73.991134
167149,"42-09 28th Street, Long Island City, NY 11101, USA",40.749463,-73.9390123
159798,"210 Joralemon Street, Brooklyn, NY 11201, USA",40.6922983,-73.9903953
172090,"Hylan Plaza, 105 Mill Road, Staten Island, NY 10306, USA",40.5672821,-74.1095094
170043,"42-09 28th Street, Long Island City, NY 11101, USA",40.749463,-73.9390123
172110,"80 Maiden Lane, New York, NY 10038, USA",40.7071349,-74.00794429999999
172111,"Hylan Plaza, 105 Mill Road, Staten Island, NY 10306, USA",40.5672821,-74.1095094
151633,"Hylan Plaza, 105 Mill Road, Staten Island, NY 10306, USA",40.5672821,-74.1095094
167430,"42-09 28th Street, Long Island City, NY 11101, USA",40.749463,-73.9390123
137301,"280 Broadway, New York, NY 10007, USA",40.714299,-74.0058154
153686,"Metro Mall-Middle Village, 66-26 Metropolitan Avenue, Middle Village, NY 11379, USA",40.7113697,-73.8916826
139190,"Hylan Plaza, 105 Mill Road, Staten Island, NY 10306, USA",40.5672821,-74.1095094
153689,"175 Eldridge Street, New York, NY 10002, USA",40.7203029,-73.991134
145499,"Hylan Plaza, 105 Mill Road, Staten Island, NY 10306, USA",40.5672821,-74.1095094
170682,"450 West 33rd Street, New York, NY 10001, USA",40.753271,-73.9992607
149599,"Hylan Plaza, 105 Mill Road, Staten Island, NY 10306, USA",40.5672821,-74.1095094
170000,"100 Gold Street, New York, NY 10038, USA",40.7102734,-74.0036216
151650,"175 Eldridge Street, New York, NY 10002, USA",40.7203029,-73.991134
131173,"150 William Street, New York, NY 10038, USA",40.7097597,-74.0060767
151655,"42-09 28th Street, Long Island City, NY 11101, USA",40.749463,-73.9390123
153709,"32-2 Queens Boulevard, Long Island City, NY 11101, USA",40.74459179999999,-73.9326565
170094,"Pace University, 156 William Street, New York, NY 10038, USA",40.7099691,-74.0059424
149615,"42-09 28th Street, Long Island City, NY 11101, USA",40.749463,-73.9390123
170098,"Pace University, 156 William Street, New York, NY 10038, USA",40.7099691,-74.0059424
120851,"59 Maiden Lane, New York, NY 10038, USA",40.708772,-74.00790599999999
149626,"75 Park Place, New York, NY 10007, USA",40.7144626,-74.0109797
149628,"75 Park Place, New York, NY 10007, USA",40.7144626,-74.0109797
167957,"Hylan Plaza, 105 Mill Road, Staten Island, NY 10306, USA",40.5672821,-74.1095094
114816,"75-20 Astoria Boulevard, East Elmhurst, NY 11370, USA",40.7649934,-73.8925247
168065,"1 Centre Street, New York, NY 10007, USA",40.712931,-74.003748
165515,"210 Joralemon Street, Brooklyn, NY 11201, USA",40.6922983,-73.9903953
149526,"110 William Street, New York, NY 10038, USA",40.7088758,-74.0066886
116872,"280 Broadway, New York, NY 10007, USA",40.714299,-74.0058154
168075,"42-09 28th Street, Long Island City, NY 11101, USA",40.749463,-73.9390123
168077,"450 West 33rd Street, New York, NY 10001, USA",40.753271,-73.9992607
151694,"75 Park Place, New York, NY 10007, USA",40.7144626,-74.0109797
165756,"42-09 28th Street, Long Island City, NY 11101, USA",40.749463,-73.9390123
172178,"Hylan Plaza, 105 Mill Road, Staten Island, NY 10306, USA",40.5672821,-74.1095094
149651,"75 Park Place, New York, NY 10007, USA",40.7144626,-74.0109797
151700,"42-09 28th Street, Long Island City, NY 11101, USA",40.749463,-73.9390123
135317,"Hylan Plaza, 105 Mill Road, Staten Island, NY 10306, USA",40.5672821,-74.1095094
133270,"Hylan Plaza, 105 Mill Road, Staten Island, NY 10306, USA",40.5672821,-74.1095094
166937,"42-09 28th Street, Long Island City, NY 11101, USA",40.749463,-73.9390123
168088,"75 Park Place, New York, NY 10007, USA",40.7144626,-74.0109797
168089,"42-09 28th Street, Long Island City, NY 11101, USA",40.749463,-73.9390123
149658,"42-09 28th Street, Long Island City, NY 11101, USA",40.749463,-73.9390123
134511,"Hylan Plaza, 105 Mill Road, Staten Island, NY 10306, USA",40.5672821,-74.1095094
168092,"22 Reade Street, New York, NY 10007, USA",40.7142307,-74.0044152
172190,"42-09 28th Street, Long Island City, NY 11101, USA",40.749463,-73.9390123
172194,"350 Jay Street, Brooklyn, NY 11201, USA",40.6935684,-73.987866
148849,"175 Eldridge Street, New York, NY 10002, USA",40.7203029,-73.991134
172202,"33 Beaver Street, New York, NY 10004, USA",40.705152,-74.0120712
154311,"75 Park Place, New York, NY 10007, USA",40.7144626,-74.0109797
168109,"42-09 28th Street, Long Island City, NY 11101, USA",40.749463,-73.9390123
161966,"100 Gold Street, New York, NY 10038, USA",40.7102734,-74.0036216
151727,"Hylan Plaza, 105 Mill Road, Staten Island, NY 10306, USA",40.5672821,-74.1095094
168112,"150 William Street, New York, NY 10038, USA",40.7097597,-74.0060767
170696,"165 Cadman Plaza East, Brooklyn, NY 11201, USA",40.699006,-73.9892801
170162,"42-09 28th Street, Long Island City, NY 11101, USA",40.749463,-73.9390123
151732,"30-30 Thomson Avenue, Long Island City, NY 11101, USA",40.7447957,-73.9360533
151735,"Hylan Plaza, 105 Mill Road, Staten Island, NY 10306, USA",40.5672821,-74.1095094
172217,"1 Centre Street, New York, NY 10007, USA",40.712931,-74.003748
172219,"42 Broadway, New York, NY 10004, USA",40.7060086,-74.0126296
172224,"42-09 28th Street, Long Island City, NY 11101, USA",40.749463,-73.9390123
170699,"165 Cadman Plaza East, Brooklyn, NY 11201, USA",40.699006,-73.9892801
170180,"75 Park Place, New York, NY 10007, USA",40.7144626,-74.0109797
168134,"32-2 Queens Boulevard, Long Island City, NY 11101, USA",40.74459179999999,-73.9326565
151751,"42-09 28th Street, Long Island City, NY 11101, USA",40.749463,-73.9390123
119500,"40 Rector Street, New York, NY 10006, USA",40.708534,-74.01492999999999
164042,"42-09 28th Street, Long Island City, NY 11101, USA",40.749463,-73.9390123
172235,"42-09 28th Street, Long Island City, NY 11101, USA",40.749463,-73.9390123
168140,"83 Maiden Lane, New York, NY 10038, USA",40.7075136,-74.0073238
170189,"42-09 28th Street, Long Island City, NY 11101, USA",40.749463,-73.9390123
160471,"75 Park Place, New York, NY 10007, USA",40.7144626,-74.0109797
172239,"335 Adams Street, Brooklyn, NY 11201, USA",40.6934634,-73.9882453
164048,"42-09 28th Street, Long Island City, NY 11101, USA",40.749463,-73.9390123
172244,"42-09 28th Street, Long Island City, NY 11101, USA",40.749463,-73.9390123
172245,"280 Broadway, New York, NY 10007, USA",40.714299,-74.0058154
151767,"30-30 Thomson Avenue, Long Island City, NY 11101, USA",40.7447957,-73.9360533
151769,"42-09 28th Street, Long Island City, NY 11101, USA",40.749463,-73.9390123
172250,"280 Broadway, New York, NY 10007, USA",40.714299,-74.0058154
171727,"100 Gold Street, New York, NY 10038, USA",40.7102734,-74.0036216
159966,"42-09 28th Street, Long Island City, NY 11101, USA",40.749463,-73.9390123
172255,"280 Broadway, New York, NY 10007, USA",40.714299,-74.0058154
172257,"80 Maiden Lane, New York, NY 10038, USA",40.7071349,-74.00794429999999
142715,"42-09 28th Street, Long Island City, NY 11101, USA",40.749463,-73.9390123
168165,"42-09 28th Street, Long Island City, NY 11101, USA",40.749463,-73.9390123
151785,"42-09 28th Street, Long Island City, NY 11101, USA",40.749463,-73.9390123
169667,"42-09 28th Street, Long Island City, NY 11101, USA",40.749463,-73.9390123
151790,"42-09 28th Street, Long Island City, NY 11101, USA",40.749463,-73.9390123
170365,"42-09 28th Street, Long Island City, NY 11101, USA",40.749463,-73.9390123
170225,"80 Maiden Lane, New York, NY 10038, USA",40.7071349,-74.00794429999999
155890,"32-2 Queens Boulevard, Long Island City, NY 11101, USA",40.74459179999999,-73.9326565
166136,"22 Reade Street, New York, NY 10007, USA",40.7142307,-74.0044152
168186,"42-09 28th Street, Long Island City, NY 11101, USA",40.749463,-73.9390123
170235,"80 Maiden Lane, New York, NY 10038, USA",40.7071349,-74.00794429999999
138282,"Hylan Plaza, 105 Mill Road, Staten Island, NY 10306, USA",40.5672821,-74.1095094
123135,"1 Centre Street, New York, NY 10007, USA",40.712931,-74.003748
145669,"42-09 28th Street, Long Island City, NY 11101, USA",40.749463,-73.9390123
166150,"Hylan Plaza, 105 Mill Road, Staten Island, NY 10306, USA",40.5672821,-74.1095094
151937,"175 Eldridge Street, New York, NY 10002, USA",40.7203029,-73.991134
149769,"100 Gold Street, New York, NY 10038, USA",40.7102734,-74.0036216
172299,"2 Washington Street, New York, NY 10004, USA",40.7056603,-74.015563
151821,"MetroTech Roadway, Brooklyn, NY 11201, USA",40.6931152,-73.9862103
160014,"100 Gold Street, New York, NY 10038, USA",40.7102734,-74.0036216
170255,"66 John Street, New York, NY 10038, USA",40.7086383,-74.0080351
157968,"42-09 28th Street, Long Island City, NY 11101, USA",40.749463,-73.9390123
151825,"42-09 28th Street, Long Island City, NY 11101, USA",40.749463,-73.9390123
172307,"Pace University, 156 William Street, New York, NY 10038, USA",40.7099691,-74.0059424
155924,"42-09 28th Street, Long Island City, NY 11101, USA",40.749463,-73.9390123
172203,"42-09 28th Street, Long Island City, NY 11101, USA",40.749463,-73.9390123
170265,"42-09 28th Street, Long Island City, NY 11101, USA",40.749463,-73.9390123
161633,"175 Eldridge Street, New York, NY 10002, USA",40.7203029,-73.991134
149793,"75 Park Place, New York, NY 10007, USA",40.7144626,-74.0109797
145700,"42-09 28th Street, Long Island City, NY 11101, USA",40.749463,-73.9390123
151847,"42-09 28th Street, Long Island City, NY 11101, USA",40.749463,-73.9390123
162090,"100 Gold Street, New York, NY 10038, USA",40.7102734,-74.0036216
149803,"100 Church Street, New York, NY 10007, USA",40.7131882,-74.0100975
160045,"100 Gold Street, New York, NY 10038, USA",40.7102734,-74.0036216
123103,"1 Centre Street, New York, NY 10007, USA",40.712931,-74.003748
170287,"42-09 28th Street, Long Island City, NY 11101, USA",40.749463,-73.9390123
166195,"Hylan Plaza, 105 Mill Road, Staten Island, NY 10306, USA",40.5672821,-74.1095094
164149,"150 William Street, New York, NY 10038, USA",40.7097597,-74.0060767
144926,"42-09 28th Street, Long Island City, NY 11101, USA",40.749463,-73.9390123
170303,"42-09 28th Street, Long Island City, NY 11101, USA",40.749463,-73.9390123
140000,"175 Eldridge Street, New York, NY 10002, USA",40.7203029,-73.991134
164168,"Hylan Plaza, 105 Mill Road, Staten Island, NY 10306, USA",40.5672821,-74.1095094
170315,"175 Eldridge Street, New York, NY 10002, USA",40.7203029,-73.991134
144098,"42-09 28th Street, Long Island City, NY 11101, USA",40.749463,-73.9390123
166222,"Hylan Plaza, 105 Mill Road, Staten Island, NY 10306, USA",40.5672821,-74.1095094
151891,"42-09 28th Street, Long Island City, NY 11101, USA",40.749463,-73.9390123
151894,"42-09 28th Street, Long Island City, NY 11101, USA",40.749463,-73.9390123
172378,"42-09 28th Street, Long Island City, NY 11101, USA",40.749463,-73.9390123
149851,"30-30 Thomson Avenue, Long Island City, NY 11101, USA",40.7447957,-73.9360533
151901,"42-09 28th Street, Long Island City, NY 11101, USA",40.749463,-73.9390123
160885,"Hylan Plaza, 105 Mill Road, Staten Island, NY 10306, USA",40.5672821,-74.1095094
156000,"450 West 33rd Street, New York, NY 10001, USA",40.753271,-73.9992607
164196,"280 Broadway, New York, NY 10007, USA",40.714299,-74.0058154
170342,"Hylan Plaza, 105 Mill Road, Staten Island, NY 10306, USA",40.5672821,-74.1095094
168297,"42-09 28th Street, Long Island City, NY 11101, USA",40.749463,-73.9390123
172395,"42-09 28th Street, Long Island City, NY 11101, USA",40.749463,-73.9390123
151919,"42-09 28th Street, Long Island City, NY 11101, USA",40.749463,-73.9390123
170352,"100 Church Street, New York, NY 10007, USA",40.7131882,-74.0100975
164209,"Hylan Plaza, 105 Mill Road, Staten Island, NY 10306, USA",40.5672821,-74.1095094
147826,"55 Water Street, New York, NY 10004, USA",40.703465,-74.0098074
172435,"450 West 33rd Street, New York, NY 10001, USA",40.753271,-73.9992607
172406,"830 5th Avenue, New York, NY 10065, USA",40.76771600000001,-73.9714382
142473,"Hylan Plaza, 105 Mill Road, Staten Island, NY 10306, USA",40.5672821,-74.1095094
172413,"492 1st Avenue, New York, NY 10016, USA",40.7404363,-73.9759165
172437,"175 Eldridge Street, New York, NY 10002, USA",40.7203029,-73.991134
146565,"75 Park Place, New York, NY 10007, USA",40.7144626,-74.0109797
172417,"470 Vanderbilt Avenue, Brooklyn, NY 11238, USA",40.6830766,-73.9680195
170372,"42-09 28th Street, Long Island City, NY 11101, USA",40.749463,-73.9390123
172438,"280 Broadway, New York, NY 10007, USA",40.714299,-74.0058154
163205,"MetroTech Roadway, Brooklyn, NY 11201, USA",40.6931152,-73.9862103
172426,"42-09 28th Street, Long Island City, NY 11101, USA",40.749463,-73.9390123
172427,"75 Park Place, New York, NY 10007, USA",40.7144626,-74.0109797
172428,"75 Park Place, New York, NY 10007, USA",40.7144626,-74.0109797
141713,"150 William Street, New York, NY 10038, USA",40.7097597,-74.0060767
172434,"42-09 28th Street, Long Island City, NY 11101, USA",40.749463,-73.9390123
149907,"280 Broadway, New York, NY 10007, USA",40.714299,-74.0058154
149908,"280 Broadway, New York, NY 10007, USA",40.714299,-74.0058154
149909,"280 Broadway, New York, NY 10007, USA",40.714299,-74.0058154
149910,"280 Broadway, New York, NY 10007, USA",40.714299,-74.0058154
149911,"280 Broadway, New York, NY 10007, USA",40.714299,-74.0058154
170392,"42-09 28th Street, Long Island City, NY 11101, USA",40.749463,-73.9390123
170395,"MetroTech Roadway, Brooklyn, NY 11201, USA",40.6931152,-73.9862103
137629,"75 Park Place, New York, NY 10007, USA",40.7144626,-74.0109797
172447,"Farragut Road, Brooklyn, NY 11203, USA",40.6374639,-73.937067
172448,"450 West 33rd Street, New York, NY 10001, USA",40.753271,-73.9992607
172454,"42-09 28th Street, Long Island City, NY 11101, USA",40.749463,-73.9390123
168362,"1 Centre Street, New York, NY 10007, USA",40.712931,-74.003748
144455,"42-09 28th Street, Long Island City, NY 11101, USA",40.749463,-73.9390123
170412,"Hylan Plaza, 105 Mill Road, Staten Island, NY 10306, USA",40.5672821,-74.1095094
172463,"33 Beaver Street, New York, NY 10004, USA",40.705152,-74.0120712
172465,"42-09 28th Street, Long Island City, NY 11101, USA",40.749463,-73.9390123
168854,"42-09 28th Street, Long Island City, NY 11101, USA",40.749463,-73.9390123
147892,"Hylan Plaza, 105 Mill Road, Staten Island, NY 10306, USA",40.5672821,-74.1095094
156085,"66 John Street, New York, NY 10038, USA",40.7086383,-74.0080351
156087,"100 Gold Street, New York, NY 10038, USA",40.7102734,-74.0036216
170427,"33 Beaver Street, New York, NY 10004, USA",40.705152,-74.0120712
170431,"100 Gold Street, New York, NY 10038, USA",40.7102734,-74.0036216
162241,"450 West 33rd Street, New York, NY 10001, USA",40.753271,-73.9992607
156101,"100 Gold Street, New York, NY 10038, USA",40.7102734,-74.0036216
152006,"42-09 28th Street, Long Island City, NY 11101, USA",40.749463,-73.9390123
152008,"175 Eldridge Street, New York, NY 10002, USA",40.7203029,-73.991134
172489,"MetroTech Roadway, Brooklyn, NY 11201, USA",40.6931152,-73.9862103
149962,"42-09 28th Street, Long Island City, NY 11101, USA",40.749463,-73.9390123
138999,"150 William Street, New York, NY 10038, USA",40.7097597,-74.0060767
150946,"Hylan Plaza, 105 Mill Road, Staten Island, NY 10306, USA",40.5672821,-74.1095094
172494,"42 Broadway, New York, NY 10004, USA",40.7060086,-74.0126296
152017,"42-09 28th Street, Long Island City, NY 11101, USA",40.749463,-73.9390123
142476,"Hylan Plaza, 105 Mill Road, Staten Island, NY 10306, USA",40.5672821,-74.1095094
152023,"150 William Street, New York, NY 10038, USA",40.7097597,-74.0060767
172505,"34-2 Queens Boulevard, Long Island City, NY 11101, USA",40.7443272,-73.93018649999999
172507,"MetroTech Roadway, Brooklyn, NY 11201, USA",40.6931152,-73.9862103
162272,"42-09 28th Street, Long Island City, NY 11101, USA",40.749463,-73.9390123
154081,"75 Park Place, New York, NY 10007, USA",40.7144626,-74.0109797
172514,"Forest Hill Road, Staten Island, NY, USA",40.5833517,-74.1496276
142954,"42-09 28th Street, Long Island City, NY 11101, USA",40.749463,-73.9390123
133606,"42-09 28th Street, Long Island City, NY 11101, USA",40.749463,-73.9390123
152040,"Hylan Plaza, 105 Mill Road, Staten Island, NY 10306, USA",40.5672821,-74.1095094
149993,"150 William Street, New York, NY 10038, USA",40.7097597,-74.0060767
152048,"Hylan Plaza, 105 Mill Road, Staten Island, NY 10306, USA",40.5672821,-74.1095094
166390,"75 Park Place, New York, NY 10007, USA",40.7144626,-74.0109797
172537,"55 Water Street, New York, NY 10004, USA",40.703465,-74.0098074
116479,"470 Vanderbilt Avenue, Brooklyn, NY 11238, USA",40.6830766,-73.9680195
145834,"175 Eldridge Street, New York, NY 10002, USA",40.7203029,-73.991134
162302,"80 Maiden Lane, New York, NY 10038, USA",40.7071349,-74.00794429999999
170495,"42-09 28th Street, Long Island City, NY 11101, USA",40.749463,-73.9390123
150017,"42-09 28th Street, Long Island City, NY 11101, USA",40.749463,-73.9390123
170498,"75 Park Place, New York, NY 10007, USA",40.7144626,-74.0109797
162307,"75 Park Place, New York, NY 10007, USA",40.7144626,-74.0109797
172548,"22 Reade Street, New York, NY 10007, USA",40.7142307,-74.0044152
170501,"450 West 33rd Street, New York, NY 10001, USA",40.753271,-73.9992607
172552,"16 Court Street, Brooklyn, NY 11241, USA",40.69358880000001,-73.9908114
166412,"75 Park Place, New York, NY 10007, USA",40.7144626,-74.0109797
172557,"22 Reade Street, New York, NY 10007, USA",40.7142307,-74.0044152
163245,"100 Gold Street, New York, NY 10038, USA",40.7102734,-74.0036216
172561,"1 Fordham Plaza, Bronx, NY 10458, USA",40.8606295,-73.8901235
162322,"80 Maiden Lane, New York, NY 10038, USA",40.7071349,-74.00794429999999
158228,"Pace University, 156 William Street, New York, NY 10038, USA",40.7099691,-74.0059424
166421,"42-09 28th Street, Long Island City, NY 11101, USA",40.749463,-73.9390123
152086,"Hylan Plaza, 105 Mill Road, Staten Island, NY 10306, USA",40.5672821,-74.1095094
170519,"450 West 33rd Street, New York, NY 10001, USA",40.753271,-73.9992607
139800,"1 Centre Street, New York, NY 10007, USA",40.712931,-74.003748
170522,"30-30 Thomson Avenue, Long Island City, NY 11101, USA",40.7447957,-73.9360533
166427,"22 Reade Street, New York, NY 10007, USA",40.7142307,-74.0044152
172574,"55 Water Street, New York, NY 10004, USA",40.703465,-74.0098074
151685,"75 Park Place, New York, NY 10007, USA",40.7144626,-74.0109797
160289,"100 Church Street, New York, NY 10007, USA",40.7131882,-74.0100975
158247,"150 William Street, New York, NY 10038, USA",40.7097597,-74.0060767
172584,"55 Water Street, New York, NY 10004, USA",40.703465,-74.0098074
170537,"42-09 28th Street, Long Island City, NY 11101, USA",40.749463,-73.9390123
170539,"75 Park Place, New York, NY 10007, USA",40.7144626,-74.0109797
172591,"830 5th Avenue, New York, NY 10065, USA",40.76771600000001,-73.9714382
162353,"80 Maiden Lane, New York, NY 10038, USA",40.7071349,-74.00794429999999
162356,"2 Lafayette Street, New York, NY 10007, USA",40.7141052,-74.00386680000001
162362,"2 Lafayette Street, New York, NY 10007, USA",40.7141052,-74.00386680000001
162363,"48-39 35th Street, Long Island City, NY 11101, USA",40.739441,-73.930323
166460,"2 Lafayette Street, New York, NY 10007, USA",40.7141052,-74.00386680000001
162366,"2 Lafayette Street, New York, NY 10007, USA",40.7141052,-74.00386680000001
166463,"75 Park Place, New York, NY 10007, USA",40.7144626,-74.0109797
172609,"830 5th Avenue, New York, NY 10065, USA",40.76771600000001,-73.9714382
172610,"830 5th Avenue, New York, NY 10065, USA",40.76771600000001,-73.9714382
166467,"42-09 28th Street, Long Island City, NY 11101, USA",40.749463,-73.9390123
166468,"42-09 28th Street, Long Island City, NY 11101, USA",40.749463,-73.9390123
169057,"42-09 28th Street, Long Island City, NY 11101, USA",40.749463,-73.9390123
162376,"100 Gold Street, New York, NY 10038, USA",40.7102734,-74.0036216
172617,"280 Broadway, New York, NY 10007, USA",40.714299,-74.0058154
145995,"1 Bay Street, Staten Island, NY 10301, USA",40.6434772,-74.0725099
171261,"42-09 28th Street, Long Island City, NY 11101, USA",40.749463,-73.9390123
160337,"180 Water Street, New York, NY 10038, USA",40.70693079999999,-74.00538519999999
148050,"280 Broadway, New York, NY 10007, USA",40.714299,-74.0058154
170582,"450 West 33rd Street, New York, NY 10001, USA",40.753271,-73.9992607
154206,"1 Centre Street, New York, NY 10007, USA",40.712931,-74.003748
156256,"Hylan Plaza, 105 Mill Road, Staten Island, NY 10306, USA",40.5672821,-74.1095094
155408,"55 Water Street, New York, NY 10004, USA",40.703465,-74.0098074
156263,"Pace University, 161 William Street, New York, NY 10038, USA",40.710219,-74.00619
162408,"100 Gold Street, New York, NY 10038, USA",40.7102734,-74.0036216
152679,"Hylan Plaza, 105 Mill Road, Staten Island, NY 10306, USA",40.5672821,-74.1095094
168557,"144-06 94th Avenue, Jamaica, NY 11435, USA",40.69835500000001,-73.807665
172654,"42-09 28th Street, Long Island City, NY 11101, USA",40.749463,-73.9390123
158320,"42-09 28th Street, Long Island City, NY 11101, USA",40.749463,-73.9390123
152177,"Pace University, 156 William Street, New York, NY 10038, USA",40.7099691,-74.0059424
170610,"42-09 28th Street, Long Island City, NY 11101, USA",40.749463,-73.9390123
143987,"42-09 28th Street, Long Island City, NY 11101, USA",40.749463,-73.9390123
172660,"180 Water Street, New York, NY 10038, USA",40.70693079999999,-74.00538519999999
172662,"42-09 28th Street, Long Island City, NY 11101, USA",40.749463,-73.9390123
156280,"55 Water Street, New York, NY 10004, USA",40.703465,-74.0098074
154239,"75 Park Place, New York, NY 10007, USA",40.7144626,-74.0109797
168576,"80 Maiden Lane, New York, NY 10038, USA",40.7071349,-74.00794429999999
169351,"75 Park Place, New York, NY 10007, USA",40.7144626,-74.0109797
168581,"Hylan Plaza, 105 Mill Road, Staten Island, NY 10306, USA",40.5672821,-74.1095094
168589,"66 John Street, New York, NY 10038, USA",40.7086383,-74.0080351
172688,"75-20 Astoria Boulevard, East Elmhurst, NY 11370, USA",40.7649934,-73.8925247
135826,"100 Gold Street, New York, NY 10038, USA",40.7102734,-74.0036216
154259,"30-30 Thomson Avenue, Long Island City, NY 11101, USA",40.7447957,-73.9360533
172692,"34-2 Queens Boulevard, Long Island City, NY 11101, USA",40.7443272,-73.93018649999999
172694,"280 Broadway, New York, NY 10007, USA",40.714299,-74.0058154
162455,"42-09 28th Street, Long Island City, NY 11101, USA",40.749463,-73.9390123
170651,"110 William Street, New York, NY 10038, USA",40.7088758,-74.0066886
170653,"33 Beaver Street, New York, NY 10004, USA",40.705152,-74.0120712
150174,"42-09 28th Street, Long Island City, NY 11101, USA",40.749463,-73.9390123
162463,"110 William Street, New York, NY 10038, USA",40.7088758,-74.0066886
137300,"280 Broadway, New York, NY 10007, USA",40.714299,-74.0058154
133794,"Hylan Plaza, 105 Mill Road, Staten Island, NY 10306, USA",40.5672821,-74.1095094
162467,"110 William Street, New York, NY 10038, USA",40.7088758,-74.0066886
126798,"Hylan Plaza, 105 Mill Road, Staten Island, NY 10306, USA",40.5672821,-74.1095094
172710,"280 Broadway, New York, NY 10007, USA",40.714299,-74.0058154
162929,"165 Cadman Plaza East, Brooklyn, NY 11201, USA",40.699006,-73.9892801
172712,"280 Broadway, New York, NY 10007, USA",40.714299,-74.0058154
152235,"42-09 28th Street, Long Island City, NY 11101, USA",40.749463,-73.9390123
162478,"40-55 Bkn Qns Expy Rmp, Woodside, NY 11377, USA",40.7451877,-73.8942481
158384,"33-00 Northern Boulevard, Long Island City, NY 11101, USA",40.7517377,-73.9315891
166577,"42-09 28th Street, Long Island City, NY 11101, USA",40.749463,-73.9390123
166579,"33 Beaver Street, New York, NY 10004, USA",40.705152,-74.0120712
156341,"75 Park Place, New York, NY 10007, USA",40.7144626,-74.0109797
162249,"42-09 28th Street, Long Island City, NY 11101, USA",40.749463,-73.9390123
164538,"42-09 28th Street, Long Island City, NY 11101, USA",40.749463,-73.9390123
170683,"42-09 28th Street, Long Island City, NY 11101, USA",40.749463,-73.9390123
168636,"42-09 28th Street, Long Island City, NY 11101, USA",40.749463,-73.9390123
164541,"Hylan Plaza, 105 Mill Road, Staten Island, NY 10306, USA",40.5672821,-74.1095094
154303,"42-09 28th Street, Long Island City, NY 11101, USA",40.749463,-73.9390123
168642,"450 West 33rd Street, New York, NY 10001, USA",40.753271,-73.9992607
168644,"450 West 33rd Street, New York, NY 10001, USA",40.753271,-73.9992607
164550,"Hylan Plaza, 105 Mill Road, Staten Island, NY 10306, USA",40.5672821,-74.1095094
150215,"42-09 28th Street, Long Island City, NY 11101, USA",40.749463,-73.9390123
168648,"450 West 33rd Street, New York, NY 10001, USA",40.753271,-73.9992607
170698,"42-09 28th Street, Long Island City, NY 11101, USA",40.749463,-73.9390123
160459,"42-09 28th Street, Long Island City, NY 11101, USA",40.749463,-73.9390123
148172,"Hylan Plaza, 105 Mill Road, Staten Island, NY 10306, USA",40.5672821,-74.1095094
154319,"75 Park Place, New York, NY 10007, USA",40.7144626,-74.0109797
135890,"Hylan Plaza, 105 Mill Road, Staten Island, NY 10306, USA",40.5672821,-74.1095094
154828,"175 Eldridge Street, New York, NY 10002, USA",40.7203029,-73.991134
152279,"75 Park Place, New York, NY 10007, USA",40.7144626,-74.0109797
135897,"100 Church Street, New York, NY 10007, USA",40.7131882,-74.0100975
170714,"42-09 28th Street, Long Island City, NY 11101, USA",40.749463,-73.9390123
161231,"Hylan Plaza, 105 Mill Road, Staten Island, NY 10306, USA",40.5672821,-74.1095094
151674,"150 William Street, New York, NY 10038, USA",40.7097597,-74.0060767
168672,"42-09 28th Street, Long Island City, NY 11101, USA",40.749463,-73.9390123
154338,"59 Maiden Lane, New York, NY 10038, USA",40.708772,-74.00790599999999
172082,"1 Centre Street, New York, NY 10007, USA",40.712931,-74.003748
119776,"59 Maiden Lane, New York, NY 10038, USA",40.708772,-74.00790599999999
168679,"80 Maiden Lane, New York, NY 10038, USA",40.7071349,-74.00794429999999
160489,"80 Maiden Lane, New York, NY 10038, USA",40.7071349,-74.00794429999999
170731,"110 William Street, New York, NY 10038, USA",40.7088758,-74.0066886
170734,"2 Lafayette Street, New York, NY 10007, USA",40.7141052,-74.00386680000001
121583,"100 Church Street, New York, NY 10007, USA",40.7131882,-74.0100975
152309,"42-09 28th Street, Long Island City, NY 11101, USA",40.749463,-73.9390123
172790,"42-09 28th Street, Long Island City, NY 11101, USA",40.749463,-73.9390123
160504,"75 Park Place, New York, NY 10007, USA",40.7144626,-74.0109797
160505,"40-55 Bkn Qns Expy Rmp, Woodside, NY 11377, USA",40.7451877,-73.8942481
160513,"75 Park Place, New York, NY 10007, USA",40.7144626,-74.0109797
158466,"30-30 Thomson Avenue, Long Island City, NY 11101, USA",40.7447957,-73.9360533
158468,"33 Beaver Street, New York, NY 10004, USA",40.705152,-74.0120712
132566,"MetroTech Roadway, Brooklyn, NY 11201, USA",40.6931152,-73.9862103
152327,"42-09 28th Street, Long Island City, NY 11101, USA",40.749463,-73.9390123
172810,"MetroTech Roadway, Brooklyn, NY 11201, USA",40.6931152,-73.9862103
143831,"100 Gold Street, New York, NY 10038, USA",40.7102734,-74.0036216
158479,"42-09 28th Street, Long Island City, NY 11101, USA",40.749463,-73.9390123
172816,"450 West 33rd Street, New York, NY 10001, USA",40.753271,-73.9992607
170773,"42 Broadway, New York, NY 10004, USA",40.7060086,-74.0126296
154390,"150 William Street, New York, NY 10038, USA",40.7097597,-74.0060767
169015,"100 Gold Street, New York, NY 10038, USA",40.7102734,-74.0036216
148250,"Hylan Plaza, 105 Mill Road, Staten Island, NY 10306, USA",40.5672821,-74.1095094
160539,"492 1st Avenue, New York, NY 10016, USA",40.7404363,-73.9759165
148255,"42-09 28th Street, Long Island City, NY 11101, USA",40.749463,-73.9390123
146208,"59 Maiden Lane, New York, NY 10038, USA",40.708772,-74.00790599999999
158512,"100 Church Street, New York, NY 10007, USA",40.7131882,-74.0100975
168739,"42-09 28th Street, Long Island City, NY 11101, USA",40.749463,-73.9390123
170791,"75-20 Astoria Boulevard, East Elmhurst, NY 11370, USA",40.7649934,-73.8925247
157148,"80 Centre Street, New York, NY 10013, USA",40.7154526,-74.0015703
145824,"42-09 28th Street, Long Island City, NY 11101, USA",40.749463,-73.9390123
146220,"42-09 28th Street, Long Island City, NY 11101, USA",40.749463,-73.9390123
148272,"42-09 28th Street, Long Island City, NY 11101, USA",40.749463,-73.9390123
156466,"42-09 28th Street, Long Island City, NY 11101, USA",40.749463,-73.9390123
158515,"100 Church Street, New York, NY 10007, USA",40.7131882,-74.0100975
164660,"175 Eldridge Street, New York, NY 10002, USA",40.7203029,-73.991134
168758,"100 Gold Street, New York, NY 10038, USA",40.7102734,-74.0036216
169097,"165 Cadman Plaza East, Brooklyn, NY 11201, USA",40.699006,-73.9892801
127796,"530 West 135th Street, New York, NY 10031, USA",40.8196938,-73.9544796
150332,"55 Water Street, New York, NY 10004, USA",40.703465,-74.0098074
142474,"Hylan Plaza, 105 Mill Road, Staten Island, NY 10306, USA",40.5672821,-74.1095094
170816,"Pace University, 156 William Street, New York, NY 10038, USA",40.7099691,-74.0059424
168416,"42 Broadway, New York, NY 10004, USA",40.7060086,-74.0126296
150338,"75 Park Place, New York, NY 10007, USA",40.7144626,-74.0109797
152389,"Hylan Plaza, 105 Mill Road, Staten Island, NY 10306, USA",40.5672821,-74.1095094
169100,"42-09 28th Street, Long Island City, NY 11101, USA",40.749463,-73.9390123
172875,"55 Water Street, New York, NY 10004, USA",40.703465,-74.0098074
142818,"1 Centre Street, New York, NY 10007, USA",40.712931,-74.003748
144206,"30-30 Thomson Avenue, Long Island City, NY 11101, USA",40.7447957,-73.9360533
152402,"32-2 Queens Boulevard, Long Island City, NY 11101, USA",40.74459179999999,-73.9326565
170126,"42-09 28th Street, Long Island City, NY 11101, USA",40.749463,-73.9390123
148315,"Hylan Plaza, 105 Mill Road, Staten Island, NY 10306, USA",40.5672821,-74.1095094
170849,"75-20 Astoria Boulevard, East Elmhurst, NY 11370, USA",40.7649934,-73.8925247
145835,"175 Eldridge Street, New York, NY 10002, USA",40.7203029,-73.991134
170856,"110 William Street, New York, NY 10038, USA",40.7088758,-74.0066886
163644,"42-09 28th Street, Long Island City, NY 11101, USA",40.749463,-73.9390123
142186,"175 Eldridge Street, New York, NY 10002, USA",40.7203029,-73.991134
154475,"75 Park Place, New York, NY 10007, USA",40.7144626,-74.0109797
168815,"32-2 Queens Boulevard, Long Island City, NY 11101, USA",40.74459179999999,-73.9326565
171155,"30-30 Thomson Avenue, Long Island City, NY 11101, USA",40.7447957,-73.9360533
144608,"450 West 33rd Street, New York, NY 10001, USA",40.753271,-73.9992607
156535,"100 Church Street, New York, NY 10007, USA",40.7131882,-74.0100975
149446,"66 John Street, New York, NY 10038, USA",40.7086383,-74.0080351
168825,"32-2 Queens Boulevard, Long Island City, NY 11101, USA",40.74459179999999,-73.9326565
166779,"42-09 28th Street, Long Island City, NY 11101, USA",40.749463,-73.9390123
164732,"42-09 28th Street, Long Island City, NY 11101, USA",40.749463,-73.9390123
157162,"42-09 28th Street, Long Island City, NY 11101, USA",40.749463,-73.9390123
164734,"Hylan Plaza, 105 Mill Road, Staten Island, NY 10306, USA",40.5672821,-74.1095094
170881,"Hylan Plaza, 105 Mill Road, Staten Island, NY 10306, USA",40.5672821,-74.1095094
166786,"42 Broadway, New York, NY 10004, USA",40.7060086,-74.0126296
157163,"42-09 28th Street, Long Island City, NY 11101, USA",40.749463,-73.9390123
148357,"75 Park Place, New York, NY 10007, USA",40.7144626,-74.0109797
164742,"42-09 28th Street, Long Island City, NY 11101, USA",40.749463,-73.9390123
150410,"175 Eldridge Street, New York, NY 10002, USA",40.7203029,-73.991134
127127,"Hylan Plaza, 105 Mill Road, Staten Island, NY 10306, USA",40.5672821,-74.1095094
168770,"42-09 28th Street, Long Island City, NY 11101, USA",40.749463,-73.9390123
168848,"100 Gold Street, New York, NY 10038, USA",40.7102734,-74.0036216
154513,"42-09 28th Street, Long Island City, NY 11101, USA",40.749463,-73.9390123
168850,"Hylan Plaza, 105 Mill Road, Staten Island, NY 10306, USA",40.5672821,-74.1095094
158613,"42-09 28th Street, Long Island City, NY 11101, USA",40.749463,-73.9390123
148374,"Hylan Plaza, 105 Mill Road, Staten Island, NY 10306, USA",40.5672821,-74.1095094
150423,"42-09 28th Street, Long Island City, NY 11101, USA",40.749463,-73.9390123
152472,"44 Beaver Street, New York, NY 10004, USA",40.704977,-74.01084879999999
170905,"42-09 28th Street, Long Island City, NY 11101, USA",40.749463,-73.9390123
137433,"42-09 28th Street, Long Island City, NY 11101, USA",40.749463,-73.9390123
168860,"42-09 28th Street, Long Island City, NY 11101, USA",40.749463,-73.9390123
162629,"42-09 28th Street, Long Island City, NY 11101, USA",40.749463,-73.9390123
169456,"42-09 28th Street, Long Island City, NY 11101, USA",40.749463,-73.9390123
168866,"42 Broadway, New York, NY 10004, USA",40.7060086,-74.0126296
168867,"280 Broadway, New York, NY 10007, USA",40.714299,-74.0058154
168873,"42-09 28th Street, Long Island City, NY 11101, USA",40.749463,-73.9390123
168874,"Hylan Plaza, 105 Mill Road, Staten Island, NY 10306, USA",40.5672821,-74.1095094
164779,"42-09 28th Street, Long Island City, NY 11101, USA",40.749463,-73.9390123
148396,"Hylan Plaza, 105 Mill Road, Staten Island, NY 10306, USA",40.5672821,-74.1095094
152495,"100 Church Street, New York, NY 10007, USA",40.7131882,-74.0100975
164784,"42-09 28th Street, Long Island City, NY 11101, USA",40.749463,-73.9390123
154545,"75 Park Place, New York, NY 10007, USA",40.7144626,-74.0109797
132026,"Hylan Plaza, 105 Mill Road, Staten Island, NY 10306, USA",40.5672821,-74.1095094
160927,"42-09 28th Street, Long Island City, NY 11101, USA",40.749463,-73.9390123
152510,"40-55 Bkn Qns Expy Rmp, Woodside, NY 11377, USA",40.7451877,-73.8942481
154560,"150 William Street, New York, NY 10038, USA",40.7097597,-74.0060767
162542,"42-09 28th Street, Long Island City, NY 11101, USA",40.749463,-73.9390123
168438,"MetroTech Roadway, Brooklyn, NY 11201, USA",40.6931152,-73.9862103
170950,"75-20 Astoria Boulevard, East Elmhurst, NY 11370, USA",40.7649934,-73.8925247
156620,"Hylan Plaza, 105 Mill Road, Staten Island, NY 10306, USA",40.5672821,-74.1095094
151714,"42-09 28th Street, Long Island City, NY 11101, USA",40.749463,-73.9390123
154575,"42-09 28th Street, Long Island City, NY 11101, USA",40.749463,-73.9390123
154581,"42-09 28th Street, Long Island City, NY 11101, USA",40.749463,-73.9390123
152538,"Hylan Plaza, 105 Mill Road, Staten Island, NY 10306, USA",40.5672821,-74.1095094
117261,"Hylan Plaza, 105 Mill Road, Staten Island, NY 10306, USA",40.5672821,-74.1095094
132602,"150 William Street, New York, NY 10038, USA",40.7097597,-74.0060767
152542,"830 5th Avenue, New York, NY 10065, USA",40.76771600000001,-73.9714382
152544,"830 5th Avenue, New York, NY 10065, USA",40.76771600000001,-73.9714382
144354,"Hylan Plaza, 105 Mill Road, Staten Island, NY 10306, USA",40.5672821,-74.1095094
122717,"42-09 28th Street, Long Island City, NY 11101, USA",40.749463,-73.9390123
166891,"42-09 28th Street, Long Island City, NY 11101, USA",40.749463,-73.9390123
152556,"100 Gold Street, New York, NY 10038, USA",40.7102734,-74.0036216
170989,"100 Gold Street, New York, NY 10038, USA",40.7102734,-74.0036216
152558,"MetroTech Roadway, Brooklyn, NY 11201, USA",40.6931152,-73.9862103
152560,"100 Gold Street, New York, NY 10038, USA",40.7102734,-74.0036216
167763,"1 Centre Street, New York, NY 10007, USA",40.712931,-74.003748
153086,"Hylan Plaza, 105 Mill Road, Staten Island, NY 10306, USA",40.5672821,-74.1095094
160759,"Hylan Plaza, 105 Mill Road, Staten Island, NY 10306, USA",40.5672821,-74.1095094
148473,"Hylan Plaza, 105 Mill Road, Staten Island, NY 10306, USA",40.5672821,-74.1095094
171002,"100 Gold Street, New York, NY 10038, USA",40.7102734,-74.0036216
162811,"42-09 28th Street, Long Island City, NY 11101, USA",40.749463,-73.9390123
150524,"Hylan Plaza, 105 Mill Road, Staten Island, NY 10306, USA",40.5672821,-74.1095094
171005,"42-09 28th Street, Long Island City, NY 11101, USA",40.749463,-73.9390123
171008,"42 Broadway, New York, NY 10004, USA",40.7060086,-74.0126296
168961,"165 Cadman Plaza East, Brooklyn, NY 11201, USA",40.699006,-73.9892801
150531,"150 William Street, New York, NY 10038, USA",40.7097597,-74.0060767
168967,"75 Park Place, New York, NY 10007, USA",40.7144626,-74.0109797
150536,"175 Eldridge Street, New York, NY 10002, USA",40.7203029,-73.991134
164876,"450 West 33rd Street, New York, NY 10001, USA",40.753271,-73.9992607
172546,"42-09 28th Street, Long Island City, NY 11101, USA",40.749463,-73.9390123
152591,"42-09 28th Street, Long Island City, NY 11101, USA",40.749463,-73.9390123
134160,"150 William Street, New York, NY 10038, USA",40.7097597,-74.0060767
166930,"42-09 28th Street, Long Island City, NY 11101, USA",40.749463,-73.9390123
170499,"100 Gold Street, New York, NY 10038, USA",40.7102734,-74.0036216
168982,"30-30 Thomson Avenue, Long Island City, NY 11101, USA",40.7447957,-73.9360533
162840,"42-09 28th Street, Long Island City, NY 11101, USA",40.749463,-73.9390123
151044,"Hylan Plaza, 105 Mill Road, Staten Island, NY 10306, USA",40.5672821,-74.1095094
153105,"42-09 28th Street, Long Island City, NY 11101, USA",40.749463,-73.9390123
161967,"144-06 94th Avenue, Jamaica, NY 11435, USA",40.69835500000001,-73.807665
172638,"1 Centre Street, New York, NY 10007, USA",40.712931,-74.003748
134174,"42-09 28th Street, Long Island City, NY 11101, USA",40.749463,-73.9390123
171040,"42-09 28th Street, Long Island City, NY 11101, USA",40.749463,-73.9390123
162850,"42-09 28th Street, Long Island City, NY 11101, USA",40.749463,-73.9390123
171044,"80 Maiden Lane, New York, NY 10038, USA",40.7071349,-74.00794429999999
154661,"Hylan Plaza, 105 Mill Road, Staten Island, NY 10306, USA",40.5672821,-74.1095094
158762,"175 Eldridge Street, New York, NY 10002, USA",40.7203029,-73.991134
169003,"42-09 28th Street, Long Island City, NY 11101, USA",40.749463,-73.9390123
154669,"2 Lafayette Street, New York, NY 10007, USA",40.7141052,-74.00386680000001
164911,"42-09 28th Street, Long Island City, NY 11101, USA",40.749463,-73.9390123
171056,"Hylan Plaza, 105 Mill Road, Staten Island, NY 10306, USA",40.5672821,-74.1095094
162869,"150 William Street, New York, NY 10038, USA",40.7097597,-74.0060767
148535,"Hylan Plaza, 105 Mill Road, Staten Island, NY 10306, USA",40.5672821,-74.1095094
169017,"75 Park Place, New York, NY 10007, USA",40.7144626,-74.0109797
171070,"33 Beaver Street, New York, NY 10004, USA",40.705152,-74.0120712
152639,"150 William Street, New York, NY 10038, USA",40.7097597,-74.0060767
128065,"150 William Street, New York, NY 10038, USA",40.7097597,-74.0060767
169028,"Hylan Plaza, 105 Mill Road, Staten Island, NY 10306, USA",40.5672821,-74.1095094
171079,"30-30 Thomson Avenue, Long Island City, NY 11101, USA",40.7447957,-73.9360533
170389,"42-09 28th Street, Long Island City, NY 11101, USA",40.749463,-73.9390123
172215,"33 Beaver Street, New York, NY 10004, USA",40.705152,-74.0120712
162892,"100 Gold Street, New York, NY 10038, USA",40.7102734,-74.0036216
128877,"Hylan Plaza, 105 Mill Road, Staten Island, NY 10306, USA",40.5672821,-74.1095094
158221,"280 Broadway, New York, NY 10007, USA",40.714299,-74.0058154
172547,"42-09 28th Street, Long Island City, NY 11101, USA",40.749463,-73.9390123
117841,"MetroTech Roadway, Brooklyn, NY 11201, USA",40.6931152,-73.9862103
142917,"150 William Street, New York, NY 10038, USA",40.7097597,-74.0060767
152660,"280 Broadway, New York, NY 10007, USA",40.714299,-74.0058154
120334,"470 Vanderbilt Avenue, Brooklyn, NY 11238, USA",40.6830766,-73.9680195
161977,"66 John Street, New York, NY 10038, USA",40.7086383,-74.0080351
152664,"450 West 33rd Street, New York, NY 10001, USA",40.753271,-73.9992607
152665,"280 Broadway, New York, NY 10007, USA",40.714299,-74.0058154
152667,"Hylan Plaza, 105 Mill Road, Staten Island, NY 10306, USA",40.5672821,-74.1095094
152669,"Hylan Plaza, 105 Mill Road, Staten Island, NY 10306, USA",40.5672821,-74.1095094
152670,"Hylan Plaza, 105 Mill Road, Staten Island, NY 10306, USA",40.5672821,-74.1095094
152673,"Hylan Plaza, 105 Mill Road, Staten Island, NY 10306, USA",40.5672821,-74.1095094
150627,"210 Joralemon Street, Brooklyn, NY 11201, USA",40.6922983,-73.9903953
167014,"33 Beaver Street, New York, NY 10004, USA",40.705152,-74.0120712
162321,"2 Lafayette Street, New York, NY 10007, USA",40.7141052,-74.00386680000001
162921,"59 Maiden Lane, New York, NY 10038, USA",40.708772,-74.00790599999999
152682,"Hylan Plaza, 105 Mill Road, Staten Island, NY 10306, USA",40.5672821,-74.1095094
169068,"42-09 28th Street, Long Island City, NY 11101, USA",40.749463,-73.9390123
171121,"1 Centre Street, New York, NY 10007, USA",40.712931,-74.003748
154738,"75 Park Place, New York, NY 10007, USA",40.7144626,-74.0109797
152691,"42-09 28th Street, Long Island City, NY 11101, USA",40.749463,-73.9390123
154741,"Hylan Plaza, 105 Mill Road, Staten Island, NY 10306, USA",40.5672821,-74.1095094
170857,"100 Gold Street, New York, NY 10038, USA",40.7102734,-74.0036216
172564,"42-09 28th Street, Long Island City, NY 11101, USA",40.749463,-73.9390123
119932,"MetroTech Roadway, Brooklyn, NY 11201, USA",40.6931152,-73.9862103
152703,"75 Park Place, New York, NY 10007, USA",40.7144626,-74.0109797
117888,"42-09 28th Street, Long Island City, NY 11101, USA",40.749463,-73.9390123
154134,"42-09 28th Street, Long Island City, NY 11101, USA",40.749463,-73.9390123
134280,"150 William Street, New York, NY 10038, USA",40.7097597,-74.0060767
169641,"42-09 28th Street, Long Island City, NY 11101, USA",40.749463,-73.9390123
169098,"42-09 28th Street, Long Island City, NY 11101, USA",40.749463,-73.9390123
148620,"150 William Street, New York, NY 10038, USA",40.7097597,-74.0060767
160910,"75 Park Place, New York, NY 10007, USA",40.7144626,-74.0109797
160911,"42-09 28th Street, Long Island City, NY 11101, USA",40.749463,-73.9390123
124564,"Hylan Plaza, 105 Mill Road, Staten Island, NY 10306, USA",40.5672821,-74.1095094
169155,"165 Cadman Plaza East, Brooklyn, NY 11201, USA",40.699006,-73.9892801
142484,"Hylan Plaza, 105 Mill Road, Staten Island, NY 10306, USA",40.5672821,-74.1095094
171161,"42-09 28th Street, Long Island City, NY 11101, USA",40.749463,-73.9390123
171164,"42-09 28th Street, Long Island City, NY 11101, USA",40.749463,-73.9390123
152735,"Hylan Plaza, 105 Mill Road, Staten Island, NY 10306, USA",40.5672821,-74.1095094
152738,"100 Church Street, New York, NY 10007, USA",40.7131882,-74.0100975
162979,"165 Cadman Plaza East, Brooklyn, NY 11201, USA",40.699006,-73.9892801
152740,"75 Park Place, New York, NY 10007, USA",40.7144626,-74.0109797
144550,"42-09 28th Street, Long Island City, NY 11101, USA",40.749463,-73.9390123
152744,"42-09 28th Street, Long Island City, NY 11101, USA",40.749463,-73.9390123
158892,"280 Broadway, New York, NY 10007, USA",40.714299,-74.0058154
171183,"42-09 28th Street, Long Island City, NY 11101, USA",40.749463,-73.9390123
171184,"180 Water Street, New York, NY 10038, USA",40.70693079999999,-74.00538519999999
169141,"1 Centre Street, New York, NY 10007, USA",40.712931,-74.003748
171211,"42-09 28th Street, Long Island City, NY 11101, USA",40.749463,-73.9390123
146633,"42-09 28th Street, Long Island City, NY 11101, USA",40.749463,-73.9390123
169144,"80 Maiden Lane, New York, NY 10038, USA",40.7071349,-74.00794429999999
150715,"Hylan Plaza, 105 Mill Road, Staten Island, NY 10306, USA",40.5672821,-74.1095094
154812,"2 Lafayette Street, New York, NY 10007, USA",40.7141052,-74.00386680000001
167103,"42-09 28th Street, Long Island City, NY 11101, USA",40.749463,-73.9390123
152096,"150 William Street, New York, NY 10038, USA",40.7097597,-74.0060767
163019,"Hylan Plaza, 105 Mill Road, Staten Island, NY 10306, USA",40.5672821,-74.1095094
132292,"175 Eldridge Street, New York, NY 10002, USA",40.7203029,-73.991134
138438,"150 William Street, New York, NY 10038, USA",40.7097597,-74.0060767
166433,"Hylan Plaza, 105 Mill Road, Staten Island, NY 10306, USA",40.5672821,-74.1095094
152776,"Hylan Plaza, 105 Mill Road, Staten Island, NY 10306, USA",40.5672821,-74.1095094
152780,"42-09 28th Street, Long Island City, NY 11101, USA",40.749463,-73.9390123
152778,"1 Bay Street, Staten Island, NY 10301, USA",40.6434772,-74.0725099
152779,"75 Park Place, New York, NY 10007, USA",40.7144626,-74.0109797
171212,"28-11 Queens Plaza North, Long Island City, NY 11101, USA",40.7502351,-73.9380863
154830,"280 Broadway, New York, NY 10007, USA",40.714299,-74.0058154
154831,"100 Gold Street, New York, NY 10038, USA",40.7102734,-74.0036216
142544,"Hylan Plaza, 105 Mill Road, Staten Island, NY 10306, USA",40.5672821,-74.1095094
168824,"42-09 28th Street, Long Island City, NY 11101, USA",40.749463,-73.9390123
138908,"Hylan Plaza, 105 Mill Road, Staten Island, NY 10306, USA",40.5672821,-74.1095094
167124,"42-09 28th Street, Long Island City, NY 11101, USA",40.749463,-73.9390123
142549,"175 Eldridge Street, New York, NY 10002, USA",40.7203029,-73.991134
150744,"Hylan Plaza, 105 Mill Road, Staten Island, NY 10306, USA",40.5672821,-74.1095094
139774,"1 Centre Street, New York, NY 10007, USA",40.712931,-74.003748
165082,"165 Cadman Plaza East, Brooklyn, NY 11201, USA",40.699006,-73.9892801
163035,"Hylan Plaza, 105 Mill Road, Staten Island, NY 10306, USA",40.5672821,-74.1095094
134980,"255 Greenwich Street, New York, NY 10007, USA",40.7143303,-74.0111548
150749,"Hylan Plaza, 105 Mill Road, Staten Island, NY 10306, USA",40.5672821,-74.1095094
158942,"110 William Street, New York, NY 10038, USA",40.7088758,-74.0066886
163040,"42-09 28th Street, Long Island City, NY 11101, USA",40.749463,-73.9390123
171237,"33 Beaver Street, New York, NY 10004, USA",40.705152,-74.0120712
171238,"180 Water Street, New York, NY 10038, USA",40.70693079999999,-74.00538519999999
171239,"150 William Street, New York, NY 10038, USA",40.7097597,-74.0060767
150760,"59 Maiden Lane, New York, NY 10038, USA",40.708772,-74.00790599999999
152809,"150 William Street, New York, NY 10038, USA",40.7097597,-74.0060767
168487,"32-2 Queens Boulevard, Long Island City, NY 11101, USA",40.74459179999999,-73.9326565
165007,"30-30 Thomson Avenue, Long Island City, NY 11101, USA",40.7447957,-73.9360533
148717,"175 Eldridge Street, New York, NY 10002, USA",40.7203029,-73.991134
169167,"42-09 28th Street, Long Island City, NY 11101, USA",40.749463,-73.9390123
162685,"Hylan Plaza, 105 Mill Road, Staten Island, NY 10306, USA",40.5672821,-74.1095094
158960,"42-09 28th Street, Long Island City, NY 11101, USA",40.749463,-73.9390123
165105,"66 John Street, New York, NY 10038, USA",40.7086383,-74.0080351
171251,"MetroTech Roadway, Brooklyn, NY 11201, USA",40.6931152,-73.9862103
171252,"Bronx, NY, USA",40.8447819,-73.8648268
130293,"470 Vanderbilt Avenue, Brooklyn, NY 11238, USA",40.6830766,-73.9680195
130294,"3050 West 21st Street, Brooklyn, NY 11224, USA",40.5733974,-73.98783949999999
152823,"42-09 28th Street, Long Island City, NY 11101, USA",40.749463,-73.9390123
169208,"33 Beaver Street, New York, NY 10004, USA",40.705152,-74.0120712
171258,"1101 Beach Avenue, Bronx, NY 10472, USA",40.827889,-73.86573299999999
163068,"42-09 28th Street, Long Island City, NY 11101, USA",40.749463,-73.9390123
169514,"42-09 28th Street, Long Island City, NY 11101, USA",40.749463,-73.9390123
167168,"100 Gold Street, New York, NY 10038, USA",40.7102734,-74.0036216
152834,"75 Park Place, New York, NY 10007, USA",40.7144626,-74.0109797
171268,"42-09 28th Street, Long Island City, NY 11101, USA",40.749463,-73.9390123
150789,"450 West 33rd Street, New York, NY 10001, USA",40.753271,-73.9992607
156935,"30-30 Thomson Avenue, Long Island City, NY 11101, USA",40.7447957,-73.9360533
167181,"42-09 28th Street, Long Island City, NY 11101, USA",40.749463,-73.9390123
170191,"42-09 28th Street, Long Island City, NY 11101, USA",40.749463,-73.9390123
171280,"MetroTech Roadway, Brooklyn, NY 11201, USA",40.6931152,-73.9862103
171281,"42-09 28th Street, Long Island City, NY 11101, USA",40.749463,-73.9390123
169236,"42-09 28th Street, Long Island City, NY 11101, USA",40.749463,-73.9390123
170464,"42-09 28th Street, Long Island City, NY 11101, USA",40.749463,-73.9390123
171286,"42-09 28th Street, Long Island City, NY 11101, USA",40.749463,-73.9390123
171287,"Hylan Plaza, 105 Mill Road, Staten Island, NY 10306, USA",40.5672821,-74.1095094
171288,"42-09 28th Street, Long Island City, NY 11101, USA",40.749463,-73.9390123
157166,"55 Water Street, New York, NY 10004, USA",40.703465,-74.0098074
154907,"175 Eldridge Street, New York, NY 10002, USA",40.7203029,-73.991134
171292,"94 Flatbush Avenue, Brooklyn, NY 11217, USA",40.6859676,-73.9789472
151770,"42-09 28th Street, Long Island City, NY 11101, USA",40.749463,-73.9390123
171294,"Concourse Plaza, 260 East 161st Street, Bronx, NY 10451, USA",40.8254821,-73.9189897
150817,"Hylan Plaza, 105 Mill Road, Staten Island, NY 10306, USA",40.5672821,-74.1095094
172251,"42-09 28th Street, Long Island City, NY 11101, USA",40.749463,-73.9390123
168896,"80 Maiden Lane, New York, NY 10038, USA",40.7071349,-74.00794429999999
161062,"42-09 28th Street, Long Island City, NY 11101, USA",40.749463,-73.9390123
171303,"110 William Street, New York, NY 10038, USA",40.7088758,-74.0066886
89386,"1 Centre Street, New York, NY 10007, USA",40.712931,-74.003748
161070,"42 Broadway, New York, NY 10004, USA",40.7060086,-74.0126296
152881,"175 Eldridge Street, New York, NY 10002, USA",40.7203029,-73.991134
171571,"100 Gold Street, New York, NY 10038, USA",40.7102734,-74.0036216
135549,"Hylan Plaza, 105 Mill Road, Staten Island, NY 10306, USA",40.5672821,-74.1095094
154938,"110 William Street, New York, NY 10038, USA",40.7088758,-74.0066886
161083,"42-09 28th Street, Long Island City, NY 11101, USA",40.749463,-73.9390123
165181,"42-09 28th Street, Long Island City, NY 11101, USA",40.749463,-73.9390123
171329,"Hylan Plaza, 105 Mill Road, Staten Island, NY 10306, USA",40.5672821,-74.1095094
150851,"Hylan Plaza, 105 Mill Road, Staten Island, NY 10306, USA",40.5672821,-74.1095094
126370,"150 William Street, New York, NY 10038, USA",40.7097597,-74.0060767
168079,"210 Joralemon Street, Brooklyn, NY 11201, USA",40.6922983,-73.9903953
169293,"75 Park Place, New York, NY 10007, USA",40.7144626,-74.0109797
169295,"Hylan Plaza, 105 Mill Road, Staten Island, NY 10306, USA",40.5672821,-74.1095094
163152,"Hylan Plaza, 105 Mill Road, Staten Island, NY 10306, USA",40.5672821,-74.1095094
159057,"80 Centre Street, New York, NY 10013, USA",40.7154526,-74.0015703
171247,"42-09 28th Street, Long Island City, NY 11101, USA",40.749463,-73.9390123
171348,"42-09 28th Street, Long Island City, NY 11101, USA",40.749463,-73.9390123
150872,"125 Worth Street, New York, NY 10013, USA",40.7155446,-74.0024249
167257,"100 Gold Street, New York, NY 10038, USA",40.7102734,-74.0036216
144613,"Hylan Plaza, 105 Mill Road, Staten Island, NY 10306, USA",40.5672821,-74.1095094
159075,"450 West 33rd Street, New York, NY 10001, USA",40.753271,-73.9992607
157029,"42-09 28th Street, Long Island City, NY 11101, USA",40.749463,-73.9390123
165095,"9 Bond Street, New York, NY 10001, USA",40.751294,-73.9982349
150893,"Hylan Plaza, 105 Mill Road, Staten Island, NY 10306, USA",40.5672821,-74.1095094
152942,"Hylan Plaza, 105 Mill Road, Staten Island, NY 10306, USA",40.5672821,-74.1095094
163183,"Hylan Plaza, 105 Mill Road, Staten Island, NY 10306, USA",40.5672821,-74.1095094
150897,"175 Eldridge Street, New York, NY 10002, USA",40.7203029,-73.991134
169330,"75 Park Place, New York, NY 10007, USA",40.7144626,-74.0109797
134515,"Hylan Plaza, 105 Mill Road, Staten Island, NY 10306, USA",40.5672821,-74.1095094
167286,"1 Centre Street, New York, NY 10007, USA",40.712931,-74.003748
157047,"42-09 28th Street, Long Island City, NY 11101, USA",40.749463,-73.9390123
157051,"MetroTech Roadway, Brooklyn, NY 11201, USA",40.6931152,-73.9862103
150908,"Hylan Plaza, 105 Mill Road, Staten Island, NY 10306, USA",40.5672821,-74.1095094
150909,"Hylan Plaza, 105 Mill Road, Staten Island, NY 10306, USA",40.5672821,-74.1095094
113557,"MetroTech Roadway, Brooklyn, NY 11201, USA",40.6931152,-73.9862103
171243,"450 West 33rd Street, New York, NY 10001, USA",40.753271,-73.9992607
148869,"42-09 28th Street, Long Island City, NY 11101, USA",40.749463,-73.9390123
150919,"Hylan Plaza, 105 Mill Road, Staten Island, NY 10306, USA",40.5672821,-74.1095094
155022,"42-09 28th Street, Long Island City, NY 11101, USA",40.749463,-73.9390123
152813,"Hylan Plaza, 105 Mill Road, Staten Island, NY 10306, USA",40.5672821,-74.1095094
169360,"Pace University, 156 William Street, New York, NY 10038, USA",40.7099691,-74.0059424
169361,"75 Park Place, New York, NY 10007, USA",40.7144626,-74.0109797
152979,"180 Water Street, New York, NY 10038, USA",40.70693079999999,-74.00538519999999
169367,"Pace University, 156 William Street, New York, NY 10038, USA",40.7099691,-74.0059424
150936,"450 West 33rd Street, New York, NY 10001, USA",40.753271,-73.9992607
168516,"66 John Street, New York, NY 10038, USA",40.7086383,-74.0080351
169370,"100 Church Street, New York, NY 10007, USA",40.7131882,-74.0100975
157935,"32-2 Queens Boulevard, Long Island City, NY 11101, USA",40.74459179999999,-73.9326565
171420,"33 Beaver Street, New York, NY 10004, USA",40.705152,-74.0120712
171422,"33 Beaver Street, New York, NY 10004, USA",40.705152,-74.0120712
169375,"42-09 28th Street, Long Island City, NY 11101, USA",40.749463,-73.9390123
144800,"MetroTech Roadway, Brooklyn, NY 11201, USA",40.6931152,-73.9862103
152994,"830 5th Avenue, New York, NY 10065, USA",40.76771600000001,-73.9714382
152995,"830 5th Avenue, New York, NY 10065, USA",40.76771600000001,-73.9714382
169383,"42-09 28th Street, Long Island City, NY 11101, USA",40.749463,-73.9390123
167337,"MetroTech Roadway, Brooklyn, NY 11201, USA",40.6931152,-73.9862103
169543,"42-09 28th Street, Long Island City, NY 11101, USA",40.749463,-73.9390123
159986,"42-09 28th Street, Long Island City, NY 11101, USA",40.749463,-73.9390123
138670,"175 Eldridge Street, New York, NY 10002, USA",40.7203029,-73.991134
163247,"100 Church Street, New York, NY 10007, USA",40.7131882,-74.0100975
167350,"42-09 28th Street, Long Island City, NY 11101, USA",40.749463,-73.9390123
150968,"42-09 28th Street, Long Island City, NY 11101, USA",40.749463,-73.9390123
144825,"Hylan Plaza, 105 Mill Road, Staten Island, NY 10306, USA",40.5672821,-74.1095094
144826,"42-09 28th Street, Long Island City, NY 11101, USA",40.749463,-73.9390123
155067,"335 Adams Street, Brooklyn, NY 11201, USA",40.6934634,-73.9882453
150972,"42-09 28th Street, Long Island City, NY 11101, USA",40.749463,-73.9390123
146192,"100 Church Street, New York, NY 10007, USA",40.7131882,-74.0100975
153023,"280 Broadway, New York, NY 10007, USA",40.714299,-74.0058154
142483,"Hylan Plaza, 105 Mill Road, Staten Island, NY 10306, USA",40.5672821,-74.1095094
155074,"42-09 28th Street, Long Island City, NY 11101, USA",40.749463,-73.9390123
153029,"100 Gold Street, New York, NY 10038, USA",40.7102734,-74.0036216
161223,"Hylan Plaza, 105 Mill Road, Staten Island, NY 10306, USA",40.5672821,-74.1095094
153032,"100 Gold Street, New York, NY 10038, USA",40.7102734,-74.0036216
172175,"42-09 28th Street, Long Island City, NY 11101, USA",40.749463,-73.9390123
154717,"75 Park Place, New York, NY 10007, USA",40.7144626,-74.0109797
169423,"North River Piers, New York, NY 10014, USA",40.7286678,-74.01215669999999
157141,"30-30 Thomson Avenue, Long Island City, NY 11101, USA",40.7447957,-73.9360533
169430,"42-09 28th Street, Long Island City, NY 11101, USA",40.749463,-73.9390123
146903,"175 Eldridge Street, New York, NY 10002, USA",40.7203029,-73.991134
153052,"42-09 28th Street, Long Island City, NY 11101, USA",40.749463,-73.9390123
151005,"42-09 28th Street, Long Island City, NY 11101, USA",40.749463,-73.9390123
155102,"150 William Street, New York, NY 10038, USA",40.7097597,-74.0060767
155103,"150 William Street, New York, NY 10038, USA",40.7097597,-74.0060767
161250,"42-09 28th Street, Long Island City, NY 11101, USA",40.749463,-73.9390123
172283,"280 Broadway, New York, NY 10007, USA",40.714299,-74.0058154
157156,"1 Centre Street, New York, NY 10007, USA",40.712931,-74.003748
153061,"1 Bay Street, Staten Island, NY 10301, USA",40.6434772,-74.0725099
170577,"Hylan Plaza, 105 Mill Road, Staten Island, NY 10306, USA",40.5672821,-74.1095094
157160,"MetroTech Roadway, Brooklyn, NY 11201, USA",40.6931152,-73.9862103
169212,"32-2 Queens Boulevard, Long Island City, NY 11101, USA",40.74459179999999,-73.9326565
153695,"1 Centre Street, New York, NY 10007, USA",40.712931,-74.003748
159211,"1 Centre Street, New York, NY 10007, USA",40.712931,-74.003748
153070,"280 Broadway, New York, NY 10007, USA",40.714299,-74.0058154
159215,"32-2 Queens Boulevard, Long Island City, NY 11101, USA",40.74459179999999,-73.9326565
163312,"Hylan Plaza, 105 Mill Road, Staten Island, NY 10306, USA",40.5672821,-74.1095094
157169,"100 Gold Street, New York, NY 10038, USA",40.7102734,-74.0036216
169459,"150 William Street, New York, NY 10038, USA",40.7097597,-74.0060767
163316,"42-09 28th Street, Long Island City, NY 11101, USA",40.749463,-73.9390123
163318,"Hylan Plaza, 105 Mill Road, Staten Island, NY 10306, USA",40.5672821,-74.1095094
151031,"75 Park Place, New York, NY 10007, USA",40.7144626,-74.0109797
163322,"Hylan Plaza, 105 Mill Road, Staten Island, NY 10306, USA",40.5672821,-74.1095094
163324,"42 Broadway, New York, NY 10004, USA",40.7060086,-74.0126296
153085,"Hylan Plaza, 105 Mill Road, Staten Island, NY 10306, USA",40.5672821,-74.1095094
151038,"175 Eldridge Street, New York, NY 10002, USA",40.7203029,-73.991134
169557,"165 Cadman Plaza East, Brooklyn, NY 11201, USA",40.699006,-73.9892801
102221,"Hylan Plaza, 105 Mill Road, Staten Island, NY 10306, USA",40.5672821,-74.1095094
171523,"1377 Jerome Avenue, Bronx, NY 10452, USA",40.8399316,-73.918453
171524,"12 West 14th Street, New York, NY 10011, USA",40.7361352,-73.99442499999999
153094,"Hylan Plaza, 105 Mill Road, Staten Island, NY 10306, USA",40.5672821,-74.1095094
153098,"Hylan Plaza, 105 Mill Road, Staten Island, NY 10306, USA",40.5672821,-74.1095094
153099,"175 Eldridge Street, New York, NY 10002, USA",40.7203029,-73.991134
171532,"100 Gold Street, New York, NY 10038, USA",40.7102734,-74.0036216
132622,"280 Broadway, New York, NY 10007, USA",40.714299,-74.0058154
169489,"66 John Street, New York, NY 10038, USA",40.7086383,-74.0080351
167444,"830 5th Avenue, New York, NY 10065, USA",40.76771600000001,-73.9714382
172053,"75 Park Place, New York, NY 10007, USA",40.7144626,-74.0109797
167447,"830 5th Avenue, New York, NY 10065, USA",40.76771600000001,-73.9714382
134681,"210 Joralemon Street, Brooklyn, NY 11201, USA",40.6922983,-73.9903953
159766,"66 John Street, New York, NY 10038, USA",40.7086383,-74.0080351
159262,"42-09 28th Street, Long Island City, NY 11101, USA",40.749463,-73.9390123
169504,"66 John Street, New York, NY 10038, USA",40.7086383,-74.0080351
169506,"210 Joralemon Street, Brooklyn, NY 11201, USA",40.6922983,-73.9903953
171555,"42 Broadway, New York, NY 10004, USA",40.7060086,-74.0126296
134065,"66 John Street, New York, NY 10038, USA",40.7086383,-74.0080351
159274,"Hylan Plaza, 105 Mill Road, Staten Island, NY 10306, USA",40.5672821,-74.1095094
155179,"42-09 28th Street, Long Island City, NY 11101, USA",40.749463,-73.9390123
132011,"Hylan Plaza, 105 Mill Road, Staten Island, NY 10306, USA",40.5672821,-74.1095094
171566,"165 Cadman Plaza East, Brooklyn, NY 11201, USA",40.699006,-73.9892801
171568,"1 Fordham Plaza, Bronx, NY 10458, USA",40.8606295,-73.8901235
151091,"66 John Street, New York, NY 10038, USA",40.7086383,-74.0080351
156254,"Hylan Plaza, 105 Mill Road, Staten Island, NY 10306, USA",40.5672821,-74.1095094
151095,"175 Eldridge Street, New York, NY 10002, USA",40.7203029,-73.991134
133921,"175 Eldridge Street, New York, NY 10002, USA",40.7203029,-73.991134
165439,"100 Church Street, New York, NY 10007, USA",40.7131882,-74.0100975
133853,"175 Eldridge Street, New York, NY 10002, USA",40.7203029,-73.991134
169540,"42-09 28th Street, Long Island City, NY 11101, USA",40.749463,-73.9390123
116597,"Hylan Plaza, 105 Mill Road, Staten Island, NY 10306, USA",40.5672821,-74.1095094
171591,"MetroTech Roadway, Brooklyn, NY 11201, USA",40.6931152,-73.9862103
171598,"55 Water Street, New York, NY 10004, USA",40.703465,-74.0098074
151119,"175 Eldridge Street, New York, NY 10002, USA",40.7203029,-73.991134
151123,"1 Centre Street, New York, NY 10007, USA",40.712931,-74.003748
171293,"165 Cadman Plaza East, Brooklyn, NY 11201, USA",40.699006,-73.9892801
166158,"42-09 28th Street, Long Island City, NY 11101, USA",40.749463,-73.9390123
147030,"280 Broadway, New York, NY 10007, USA",40.714299,-74.0058154
151127,"Hylan Plaza, 105 Mill Road, Staten Island, NY 10306, USA",40.5672821,-74.1095094
169560,"42-09 28th Street, Long Island City, NY 11101, USA",40.749463,-73.9390123
151131,"175 Eldridge Street, New York, NY 10002, USA",40.7203029,-73.991134
171612,"42-09 28th Street, Long Island City, NY 11101, USA",40.749463,-73.9390123
171615,"55 Water Street, New York, NY 10004, USA",40.703465,-74.0098074
155232,"165 Cadman Plaza East, Brooklyn, NY 11201, USA",40.699006,-73.9892801
172304,"100 Gold Street, New York, NY 10038, USA",40.7102734,-74.0036216
155234,"42-09 28th Street, Long Island City, NY 11101, USA",40.749463,-73.9390123
165476,"42-09 28th Street, Long Island City, NY 11101, USA",40.749463,-73.9390123
171621,"100 Gold Street, New York, NY 10038, USA",40.7102734,-74.0036216
161382,"42-09 28th Street, Long Island City, NY 11101, USA",40.749463,-73.9390123
155239,"165 Cadman Plaza East, Brooklyn, NY 11201, USA",40.699006,-73.9892801
151145,"100 Gold Street, New York, NY 10038, USA",40.7102734,-74.0036216
161386,"Hylan Plaza, 105 Mill Road, Staten Island, NY 10306, USA",40.5672821,-74.1095094
97899,"110 William Street, New York, NY 10038, USA",40.7088758,-74.0066886
132719,"Hylan Plaza, 105 Mill Road, Staten Island, NY 10306, USA",40.5672821,-74.1095094
119400,"100 Church Street, New York, NY 10007, USA",40.7131882,-74.0100975
164115,"150 William Street, New York, NY 10038, USA",40.7097597,-74.0060767
169588,"75 Park Place, New York, NY 10007, USA",40.7144626,-74.0109797
148414,"280 Broadway, New York, NY 10007, USA",40.714299,-74.0058154
171638,"100 Gold Street, New York, NY 10038, USA",40.7102734,-74.0036216
165497,"Hylan Plaza, 105 Mill Road, Staten Island, NY 10306, USA",40.5672821,-74.1095094
165499,"Hylan Plaza, 105 Mill Road, Staten Island, NY 10306, USA",40.5672821,-74.1095094
155260,"Hylan Plaza, 105 Mill Road, Staten Island, NY 10306, USA",40.5672821,-74.1095094
132714,"210 Joralemon Street, Brooklyn, NY 11201, USA",40.6922983,-73.9903953
165503,"30-30 Thomson Avenue, Long Island City, NY 11101, USA",40.7447957,-73.9360533
153216,"42-09 28th Street, Long Island City, NY 11101, USA",40.749463,-73.9390123
151169,"Hylan Plaza, 105 Mill Road, Staten Island, NY 10306, USA",40.5672821,-74.1095094
153218,"1 Centre Street, New York, NY 10007, USA",40.712931,-74.003748
169604,"42-09 28th Street, Long Island City, NY 11101, USA",40.749463,-73.9390123
140566,"Hylan Plaza, 105 Mill Road, Staten Island, NY 10306, USA",40.5672821,-74.1095094
170945,"42-09 28th Street, Long Island City, NY 11101, USA",40.749463,-73.9390123
171658,"42-09 28th Street, Long Island City, NY 11101, USA",40.749463,-73.9390123
155275,"30-30 Thomson Avenue, Long Island City, NY 11101, USA",40.7447957,-73.9360533
169617,"Hylan Plaza, 105 Mill Road, Staten Island, NY 10306, USA",40.5672821,-74.1095094
147090,"Hylan Plaza, 105 Mill Road, Staten Island, NY 10306, USA",40.5672821,-74.1095094
169619,"Hylan Plaza, 105 Mill Road, Staten Island, NY 10306, USA",40.5672821,-74.1095094
149140,"Hylan Plaza, 105 Mill Road, Staten Island, NY 10306, USA",40.5672821,-74.1095094
145045,"Hylan Plaza, 105 Mill Road, Staten Island, NY 10306, USA",40.5672821,-74.1095094
146713,"Hylan Plaza, 105 Mill Road, Staten Island, NY 10306, USA",40.5672821,-74.1095094
151195,"42-09 28th Street, Long Island City, NY 11101, USA",40.749463,-73.9390123
161436,"42-09 28th Street, Long Island City, NY 11101, USA",40.749463,-73.9390123
161437,"530 West 135th Street, New York, NY 10031, USA",40.8196938,-73.9544796
155296,"Hylan Plaza, 105 Mill Road, Staten Island, NY 10306, USA",40.5672821,-74.1095094
170608,"450 West 33rd Street, New York, NY 10001, USA",40.753271,-73.9992607
151203,"42-09 28th Street, Long Island City, NY 11101, USA",40.749463,-73.9390123
151494,"100 Church Street, New York, NY 10007, USA",40.7131882,-74.0100975
165542,"42-09 28th Street, Long Island City, NY 11101, USA",40.749463,-73.9390123
165543,"2 Lafayette Street, New York, NY 10007, USA",40.7141052,-74.00386680000001
156956,"59 Maiden Lane, New York, NY 10038, USA",40.708772,-74.00790599999999
151211,"66 John Street, New York, NY 10038, USA",40.7086383,-74.0080351
167599,"42-09 28th Street, Long Island City, NY 11101, USA",40.749463,-73.9390123
172585,"42-09 28th Street, Long Island City, NY 11101, USA",40.749463,-73.9390123
132786,"Hylan Plaza, 105 Mill Road, Staten Island, NY 10306, USA",40.5672821,-74.1095094
151219,"MetroTech Roadway, Brooklyn, NY 11201, USA",40.6931152,-73.9862103
170137,"42-09 28th Street, Long Island City, NY 11101, USA",40.749463,-73.9390123
163514,"42 Broadway, New York, NY 10004, USA",40.7060086,-74.0126296
145083,"75 Park Place, New York, NY 10007, USA",40.7144626,-74.0109797
151233,"32-2 Queens Boulevard, Long Island City, NY 11101, USA",40.74459179999999,-73.9326565
171715,"180 Water Street, New York, NY 10038, USA",40.70693079999999,-74.00538519999999
151239,"450 West 33rd Street, New York, NY 10001, USA",40.753271,-73.9992607
171721,"42-09 28th Street, Long Island City, NY 11101, USA",40.749463,-73.9390123
169674,"165 Cadman Plaza East, Brooklyn, NY 11201, USA",40.699006,-73.9892801
170956,"42-09 28th Street, Long Island City, NY 11101, USA",40.749463,-73.9390123
159439,"MetroTech Roadway, Brooklyn, NY 11201, USA",40.6931152,-73.9862103
161488,"80 Maiden Lane, New York, NY 10038, USA",40.7071349,-74.00794429999999
138531,"Hylan Plaza, 105 Mill Road, Staten Island, NY 10306, USA",40.5672821,-74.1095094
169685,"42-09 28th Street, Long Island City, NY 11101, USA",40.749463,-73.9390123
149206,"42-09 28th Street, Long Island City, NY 11101, USA",40.749463,-73.9390123
171735,"42-09 28th Street, Long Island City, NY 11101, USA",40.749463,-73.9390123
151256,"Hylan Plaza, 105 Mill Road, Staten Island, NY 10306, USA",40.5672821,-74.1095094
163546,"Hylan Plaza, 105 Mill Road, Staten Island, NY 10306, USA",40.5672821,-74.1095094
159451,"42-09 28th Street, Long Island City, NY 11101, USA",40.749463,-73.9390123
161503,"80 Maiden Lane, New York, NY 10038, USA",40.7071349,-74.00794429999999
163046,"Hylan Plaza, 105 Mill Road, Staten Island, NY 10306, USA",40.5672821,-74.1095094
155362,"Hylan Plaza, 105 Mill Road, Staten Island, NY 10306, USA",40.5672821,-74.1095094
170445,"42-09 28th Street, Long Island City, NY 11101, USA",40.749463,-73.9390123
132391,"Hylan Plaza, 105 Mill Road, Staten Island, NY 10306, USA",40.5672821,-74.1095094
171127,"42-09 28th Street, Long Island City, NY 11101, USA",40.749463,-73.9390123
171760,"175 Eldridge Street, New York, NY 10002, USA",40.7203029,-73.991134
134268,"Hylan Plaza, 105 Mill Road, Staten Island, NY 10306, USA",40.5672821,-74.1095094
145138,"75 Park Place, New York, NY 10007, USA",40.7144626,-74.0109797
136041,"150 William Street, New York, NY 10038, USA",40.7097597,-74.0060767
171767,"1 Centre Street, New York, NY 10007, USA",40.712931,-74.003748
124666,"42-09 28th Street, Long Island City, NY 11101, USA",40.749463,-73.9390123
171771,"75-20 Astoria Boulevard, East Elmhurst, NY 11370, USA",40.7649934,-73.8925247
167678,"100 Gold Street, New York, NY 10038, USA",40.7102734,-74.0036216
159487,"42-09 28th Street, Long Island City, NY 11101, USA",40.749463,-73.9390123
159488,"100 Gold Street, New York, NY 10038, USA",40.7102734,-74.0036216
171778,"830 5th Avenue, New York, NY 10065, USA",40.76771600000001,-73.9714382
161543,"330 West 34th Street, New York, NY 10001, USA",40.7525899,-73.9951693
171785,"75-20 Astoria Boulevard, East Elmhurst, NY 11370, USA",40.7649934,-73.8925247
171981,"Hylan Plaza, 105 Mill Road, Staten Island, NY 10306, USA",40.5672821,-74.1095094
149261,"55 Water Street, New York, NY 10004, USA",40.703465,-74.0098074
130251,"66 John Street, New York, NY 10038, USA",40.7086383,-74.0080351
171792,"350 Jay Street, Brooklyn, NY 11201, USA",40.6935684,-73.987866
171793,"Clove Lakes Park, 1150 Clove Road, Staten Island, NY 10301, USA",40.6203147,-74.114983
171795,"80 Maiden Lane, New York, NY 10038, USA",40.7071349,-74.00794429999999
171797,"Clove Lakes Park, 1150 Clove Road, Staten Island, NY 10301, USA",40.6203147,-74.114983
159512,"42-09 28th Street, Long Island City, NY 11101, USA",40.749463,-73.9390123
171806,"100 Gold Street, New York, NY 10038, USA",40.7102734,-74.0036216
169760,"1 Centre Street, New York, NY 10007, USA",40.712931,-74.003748
169761,"150 William Street, New York, NY 10038, USA",40.7097597,-74.0060767
155432,"150 William Street, New York, NY 10038, USA",40.7097597,-74.0060767
141099,"100 Gold Street, New York, NY 10038, USA",40.7102734,-74.0036216
151341,"175 Eldridge Street, New York, NY 10002, USA",40.7203029,-73.991134
155446,"75 Park Place, New York, NY 10007, USA",40.7144626,-74.0109797
163640,"165 Cadman Plaza East, Brooklyn, NY 11201, USA",40.699006,-73.9892801
150160,"42-09 28th Street, Long Island City, NY 11101, USA",40.749463,-73.9390123
151356,"100 Church Street, New York, NY 10007, USA",40.7131882,-74.0100975
171837,"100 Church Street, New York, NY 10007, USA",40.7131882,-74.0100975
171838,"100 Church Street, New York, NY 10007, USA",40.7131882,-74.0100975
118593,"MetroTech Roadway, Brooklyn, NY 11201, USA",40.6931152,-73.9862103
169794,"MetroTech Roadway, Brooklyn, NY 11201, USA",40.6931152,-73.9862103
159555,"80 Centre Street, New York, NY 10013, USA",40.7154526,-74.0015703
159556,"80 Centre Street, New York, NY 10013, USA",40.7154526,-74.0015703
169798,"42-09 28th Street, Long Island City, NY 11101, USA",40.749463,-73.9390123
157511,"42-09 28th Street, Long Island City, NY 11101, USA",40.749463,-73.9390123
169801,"42-09 28th Street, Long Island City, NY 11101, USA",40.749463,-73.9390123
145796,"Hylan Plaza, 105 Mill Road, Staten Island, NY 10306, USA",40.5672821,-74.1095094
159563,"1 Centre Street, New York, NY 10007, USA",40.712931,-74.003748
163661,"180 Water Street, New York, NY 10038, USA",40.70693079999999,-74.00538519999999
159566,"1 Centre Street, New York, NY 10007, USA",40.712931,-74.003748
159567,"1 Centre Street, New York, NY 10007, USA",40.712931,-74.003748
151376,"42-09 28th Street, Long Island City, NY 11101, USA",40.749463,-73.9390123
155475,"100 Church Street, New York, NY 10007, USA",40.7131882,-74.0100975
151380,"280 Broadway, New York, NY 10007, USA",40.714299,-74.0058154
169813,"125 Worth Street, New York, NY 10013, USA",40.7155446,-74.0024249
149335,"Hylan Plaza, 105 Mill Road, Staten Island, NY 10306, USA",40.5672821,-74.1095094
169818,"80 Centre Street, New York, NY 10013, USA",40.7154526,-74.0015703
169819,"80 Maiden Lane, New York, NY 10038, USA",40.7071349,-74.00794429999999
155485,"80 Maiden Lane, New York, NY 10038, USA",40.7071349,-74.00794429999999
155486,"80 Maiden Lane, New York, NY 10038, USA",40.7071349,-74.00794429999999
149343,"42-09 28th Street, Long Island City, NY 11101, USA",40.749463,-73.9390123
149345,"150 William Street, New York, NY 10038, USA",40.7097597,-74.0060767
149346,"150 William Street, New York, NY 10038, USA",40.7097597,-74.0060767
155492,"80 Maiden Lane, New York, NY 10038, USA",40.7071349,-74.00794429999999
163685,"66 John Street, New York, NY 10038, USA",40.7086383,-74.0080351
149351,"150 William Street, New York, NY 10038, USA",40.7097597,-74.0060767
151403,"42-09 28th Street, Long Island City, NY 11101, USA",40.749463,-73.9390123
151405,"Hylan Plaza, 105 Mill Road, Staten Island, NY 10306, USA",40.5672821,-74.1095094
151406,"175 Eldridge Street, New York, NY 10002, USA",40.7203029,-73.991134
169839,"75 Park Place, New York, NY 10007, USA",40.7144626,-74.0109797
163696,"42-09 28th Street, Long Island City, NY 11101, USA",40.749463,-73.9390123
161651,"80 Maiden Lane, New York, NY 10038, USA",40.7071349,-74.00794429999999
124788,"Hylan Plaza, 105 Mill Road, Staten Island, NY 10306, USA",40.5672821,-74.1095094
151413,"175 Eldridge Street, New York, NY 10002, USA",40.7203029,-73.991134
161654,"42-09 28th Street, Long Island City, NY 11101, USA",40.749463,-73.9390123
157559,"42-09 28th Street, Long Island City, NY 11101, USA",40.749463,-73.9390123
156308,"42-09 28th Street, Long Island City, NY 11101, USA",40.749463,-73.9390123
161660,"1 Centre Street, New York, NY 10007, USA",40.712931,-74.003748
149373,"42-09 28th Street, Long Island City, NY 11101, USA",40.749463,-73.9390123
161663,"80 Maiden Lane, New York, NY 10038, USA",40.7071349,-74.00794429999999
121494,"100 Church Street, New York, NY 10007, USA",40.7131882,-74.0100975
120710,"94 Flatbush Avenue, Brooklyn, NY 11217, USA",40.6859676,-73.9789472
151431,"Hylan Plaza, 105 Mill Road, Staten Island, NY 10306, USA",40.5672821,-74.1095094
161672,"175 Eldridge Street, New York, NY 10002, USA",40.7203029,-73.991134
159626,"MetroTech Roadway, Brooklyn, NY 11201, USA",40.6931152,-73.9862103
151436,"Hylan Plaza, 105 Mill Road, Staten Island, NY 10306, USA",40.5672821,-74.1095094
147342,"280 Broadway, New York, NY 10007, USA",40.714299,-74.0058154
171920,"Staten Island Borough Hall, 10 Richmond Terrace #2, Staten Island, NY 10301, USA",40.6424144,-74.076118
171921,"Staten Island Borough Hall, 10 Richmond Terrace #2, Staten Island, NY 10301, USA",40.6424144,-74.076118
171331,"253 Schermerhorn Street, Brooklyn, NY 11201, USA",40.688494,-73.9843607
154606,"280 Broadway, New York, NY 10007, USA",40.714299,-74.0058154
165782,"42-09 28th Street, Long Island City, NY 11101, USA",40.749463,-73.9390123
163735,"42-09 28th Street, Long Island City, NY 11101, USA",40.749463,-73.9390123
171928,"75 Park Place, New York, NY 10007, USA",40.7144626,-74.0109797
167833,"42-09 28th Street, Long Island City, NY 11101, USA",40.749463,-73.9390123
159643,"280 Broadway, New York, NY 10007, USA",40.714299,-74.0058154
167839,"75-20 Astoria Boulevard, East Elmhurst, NY 11370, USA",40.7649934,-73.8925247
167840,"75-20 Astoria Boulevard, East Elmhurst, NY 11370, USA",40.7649934,-73.8925247
135152,"66 John Street, New York, NY 10038, USA",40.7086383,-74.0080351
163747,"59 Maiden Lane, New York, NY 10038, USA",40.708772,-74.00790599999999
169587,"165 Cadman Plaza East, Brooklyn, NY 11201, USA",40.699006,-73.9892801
124839,"Hylan Plaza, 105 Mill Road, Staten Island, NY 10306, USA",40.5672821,-74.1095094
171945,"165 Cadman Plaza East, Brooklyn, NY 11201, USA",40.699006,-73.9892801
171948,"Hylan Plaza, 105 Mill Road, Staten Island, NY 10306, USA",40.5672821,-74.1095094
120749,"Hylan Plaza, 105 Mill Road, Staten Island, NY 10306, USA",40.5672821,-74.1095094
171950,"165 Cadman Plaza East, Brooklyn, NY 11201, USA",40.699006,-73.9892801
151197,"42-09 28th Street, Long Island City, NY 11101, USA",40.749463,-73.9390123
166216,"Hylan Plaza, 105 Mill Road, Staten Island, NY 10306, USA",40.5672821,-74.1095094
119795,"180 Water Street, New York, NY 10038, USA",40.70693079999999,-74.00538519999999
165813,"42-09 28th Street, Long Island City, NY 11101, USA",40.749463,-73.9390123
87990,"110 William Street, New York, NY 10038, USA",40.7088758,-74.0066886
161719,"42-09 28th Street, Long Island City, NY 11101, USA",40.749463,-73.9390123
149433,"830 5th Avenue, New York, NY 10065, USA",40.76771600000001,-73.9714382
163771,"Hylan Plaza, 105 Mill Road, Staten Island, NY 10306, USA",40.5672821,-74.1095094
163776,"Hylan Plaza, 105 Mill Road, Staten Island, NY 10306, USA",40.5672821,-74.1095094
167874,"Hylan Plaza, 105 Mill Road, Staten Island, NY 10306, USA",40.5672821,-74.1095094
167875,"42-09 28th Street, Long Island City, NY 11101, USA",40.749463,-73.9390123
159684,"450 West 33rd Street, New York, NY 10001, USA",40.753271,-73.9992607
171973,"100 Church Street, New York, NY 10007, USA",40.7131882,-74.0100975
165830,"MetroTech Roadway, Brooklyn, NY 11201, USA",40.6931152,-73.9862103
157639,"30-30 Thomson Avenue, Long Island City, NY 11101, USA",40.7447957,-73.9360533
171978,"150 William Street, New York, NY 10038, USA",40.7097597,-74.0060767
169975,"42 Broadway, New York, NY 10004, USA",40.7060086,-74.0126296
167885,"42-09 28th Street, Long Island City, NY 11101, USA",40.749463,-73.9390123
133071,"MetroTech Roadway, Brooklyn, NY 11201, USA",40.6931152,-73.9862103
143312,"175 Eldridge Street, New York, NY 10002, USA",40.7203029,-73.991134
171683,"55 Water Street, New York, NY 10004, USA",40.703465,-74.0098074
117070,"Hylan Plaza, 105 Mill Road, Staten Island, NY 10306, USA",40.5672821,-74.1095094
165849,"Hylan Plaza, 105 Mill Road, Staten Island, NY 10306, USA",40.5672821,-74.1095094
170965,"Hylan Plaza, 105 Mill Road, Staten Island, NY 10306, USA",40.5672821,-74.1095094
140282,"42-09 28th Street, Long Island City, NY 11101, USA",40.749463,-73.9390123
151519,"32-2 Queens Boulevard, Long Island City, NY 11101, USA",40.74459179999999,-73.9326565
159713,"80 Maiden Lane, New York, NY 10038, USA",40.7071349,-74.00794429999999
171003,"Hylan Plaza, 105 Mill Road, Staten Island, NY 10306, USA",40.5672821,-74.1095094
161764,"42-09 28th Street, Long Island City, NY 11101, USA",40.749463,-73.9390123
154278,"180 Water Street, New York, NY 10038, USA",40.70693079999999,-74.00538519999999
145383,"210 Joralemon Street, Brooklyn, NY 11201, USA",40.6922983,-73.9903953
149488,"Hylan Plaza, 105 Mill Road, Staten Island, NY 10306, USA",40.5672821,-74.1095094
167925,"42-09 28th Street, Long Island City, NY 11101, USA",40.749463,-73.9390123
165879,"42-09 28th Street, Long Island City, NY 11101, USA",40.749463,-73.9390123
167930,"Hylan Plaza, 105 Mill Road, Staten Island, NY 10306, USA",40.5672821,-74.1095094
162959,"165 Cadman Plaza East, Brooklyn, NY 11201, USA",40.699006,-73.9892801
169982,"Hylan Plaza, 105 Mill Road, Staten Island, NY 10306, USA",40.5672821,-74.1095094
167935,"42 Broadway, New York, NY 10004, USA",40.7060086,-74.0126296
